名称,﻿代码,﻿当前价格,﻿昨收,﻿今开,﻿成交量/手,﻿外盘,﻿内盘,﻿买一价,﻿买一量/手,﻿买二价,﻿买二量/手,﻿买三价,﻿买三量/手,﻿买四价,﻿买四量/手,﻿买五价,﻿买五量/手,﻿卖一价,﻿卖一量/手,﻿卖二价,﻿卖二量/手,﻿卖三价,﻿卖三量/手,﻿卖四价,﻿卖四量/手,﻿卖五价,﻿卖五量/手,﻿最近逐笔成交,﻿时间,﻿涨跌,﻿涨跌幅,﻿最高,﻿最低,﻿价格,﻿成交量/手,﻿成交额/万,﻿换手率,﻿市盈率,﻿振幅,﻿流通市值,﻿总市值,﻿市净率,﻿涨停价,﻿跌停价,﻿买盘大单,﻿买盘小单,﻿卖盘大单,﻿卖盘小单
0,000018,26.92,28.33,27.17,16731.0,7362.0,9370.0,26.9,11.0,26.81,1.0,26.8,19.0,26.76,27.0,26.73,5.0,26.98,20.0,26.99,55.0,27.0,127.0,27.08,40.0,27.09,50.0,11.0,20150731113107,-1.41,-4.98,28.0,25.8,26.92,16731.0,4480.0,1.68,902.58,7.77,26.84,45.53,34.77,31.16,25.5,0.048,0.392,0.14,0.42
0,000018,26.92,28.33,27.17,16763.0,7377.0,9386.0,26.92,4.0,26.9,8.0,26.81,7.0,26.8,9.0,26.76,27.0,26.99,55.0,27.0,127.0,27.08,30.0,27.09,50.0,27.1,81.0,13.0,20150731130009,-1.41,-4.98,28.0,25.8,26.92,16763.0,4489.0,1.68,902.58,7.77,26.84,45.53,34.77,31.16,25.5,0.048,0.392,0.14,0.42
0,000018,26.92,28.33,27.17,16763.0,7377.0,9386.0,26.98,22.0,26.92,4.0,26.9,8.0,26.81,7.0,26.8,9.0,26.99,55.0,27.0,127.0,27.08,30.0,27.09,50.0,27.1,81.0,13.0,20150731130018,-1.41,-4.98,28.0,25.8,26.92,16763.0,4489.0,1.68,902.58,7.77,26.84,45.53,34.77,31.16,25.5,0.048,0.392,0.14,0.42
0,000018,26.99,28.33,27.17,16785.0,7399.0,9386.0,26.92,4.0,26.9,8.0,26.81,7.0,26.8,9.0,26.76,27.0,26.99,33.0,27.0,127.0,27.08,30.0,27.09,50.0,27.1,81.0,13.0,20150731130042,-1.34,-4.73,28.0,25.8,26.92,16785.0,4495.0,1.68,904.93,7.77,26.91,45.65,34.86,31.16,25.5,0.048,0.393,0.14,0.42
0,000018,26.99,28.33,27.17,16788.0,7402.0,9386.0,26.92,5.0,26.9,8.0,26.81,7.0,26.8,9.0,26.76,27.0,26.99,30.0,27.0,127.0,27.08,30.0,27.09,50.0,27.1,81.0,13.0,20150731130048,-1.34,-4.73,28.0,25.8,26.92,16788.0,4496.0,1.68,904.93,7.77,26.91,45.65,34.86,31.16,25.5,0.048,0.393,0.14,0.419
0,000018,26.99,28.33,27.17,16790.0,7406.0,9384.0,26.92,5.0,26.9,8.0,26.81,7.0,26.8,9.0,26.76,27.0,26.99,28.0,27.0,127.0,27.08,30.0,27.09,50.0,27.1,79.0,13.0,20150731130109,-1.34,-4.73,28.0,25.8,26.99,16790.0,4496.0,1.68,904.93,7.77,26.91,45.65,34.86,31.16,25.5,0.048,0.393,0.14,0.419
0,000018,26.99,28.33,27.17,16790.0,7404.0,9386.0,26.92,5.0,26.9,8.0,26.81,7.0,26.8,9.0,26.76,27.0,26.99,28.0,27.0,113.0,27.08,30.0,27.09,50.0,27.1,79.0,13.0,20150731130145,-1.34,-4.73,28.0,25.8,26.99,16790.0,4496.0,1.68,904.93,7.77,26.91,45.65,34.86,31.16,25.5,0.048,0.393,0.14,0.419
0,000018,26.92,28.33,27.17,16791.0,7404.0,9387.0,26.92,4.0,26.9,8.0,26.81,7.0,26.8,9.0,26.76,27.0,26.99,33.0,27.0,113.0,27.08,30.0,27.09,50.0,27.1,79.0,13.0,20150731130212,-1.41,-4.98,28.0,25.8,26.99,16791.0,4497.0,1.68,902.58,7.77,26.84,45.53,34.77,31.16,25.5,0.048,0.393,0.14,0.419
0,000018,26.92,28.33,27.17,16791.0,7404.0,9387.0,26.92,4.0,26.9,8.0,26.81,7.0,26.8,9.0,26.76,27.0,26.99,33.0,27.0,113.0,27.08,30.0,27.09,50.0,27.1,79.0,13.0,20150731130224,-1.41,-4.98,28.0,25.8,26.99,16791.0,4497.0,1.68,902.58,7.77,26.84,45.53,34.77,31.16,25.5,0.048,0.393,0.14,0.42
0,000018,26.9,28.33,27.17,16803.0,7404.0,9399.0,26.81,7.0,26.8,9.0,26.76,27.0,26.73,5.0,26.7,30.0,26.89,268.0,26.99,33.0,27.0,113.0,27.08,30.0,27.09,50.0,13.0,20150731130248,-1.43,-5.05,28.0,25.8,26.99,16803.0,4500.0,1.69,901.91,7.77,26.82,45.5,34.75,31.16,25.5,0.048,0.393,0.14,0.42
0,000018,26.89,28.33,27.17,16808.0,7410.0,9398.0,26.81,7.0,26.8,14.0,26.73,5.0,26.7,30.0,26.66,2.0,26.89,264.0,26.99,69.0,27.0,113.0,27.08,30.0,27.09,50.0,13.0,20150731130318,-1.44,-5.08,28.0,25.8,26.9,16808.0,4501.0,1.69,901.58,7.77,26.81,45.48,34.73,31.16,25.5,0.048,0.393,0.14,0.42
0,000018,26.81,28.33,27.17,16815.0,7410.0,9404.0,26.8,14.0,26.73,5.0,26.7,30.0,26.66,2.0,26.65,1.0,26.81,63.0,26.89,264.0,26.99,69.0,27.0,113.0,27.08,30.0,13.0,20150731130351,-1.52,-5.37,28.0,25.8,26.9,16815.0,4503.0,1.69,898.9,7.77,26.74,45.35,34.63,31.16,25.5,0.048,0.393,0.14,0.42
0,000018,26.81,28.33,27.17,16815.0,7410.0,9404.0,26.8,14.0,26.73,5.0,26.7,30.0,26.66,2.0,26.65,1.0,26.81,64.0,26.89,1.0,26.99,69.0,27.0,113.0,27.08,30.0,13.0,20150731130400,-1.52,-5.37,28.0,25.8,26.9,16815.0,4503.0,1.69,898.9,7.77,26.74,45.35,34.63,31.16,25.5,0.047,0.393,0.14,0.42
0,000018,26.8,28.33,27.17,16849.0,7430.0,9418.0,26.73,5.0,26.7,30.0,26.66,2.0,26.65,1.0,26.63,8.0,26.81,44.0,26.89,1.0,26.99,69.0,27.0,111.0,27.08,30.0,13.0,20150731130424,-1.53,-5.4,28.0,25.8,26.81,16849.0,4512.0,1.69,898.56,7.77,26.73,45.33,34.62,31.16,25.5,0.047,0.393,0.14,0.42
0,000018,26.8,28.33,27.17,16849.0,7430.0,9418.0,26.73,5.0,26.7,30.0,26.66,2.0,26.65,1.0,26.63,8.0,26.81,44.0,26.89,1.0,26.99,69.0,27.0,111.0,27.08,30.0,13.0,20150731130430,-1.53,-5.4,28.0,25.8,26.81,16849.0,4512.0,1.69,898.56,7.77,26.73,45.33,34.62,31.16,25.5,0.047,0.393,0.14,0.42
0,000018,26.81,28.33,27.17,16850.0,7430.0,9420.0,26.73,5.0,26.7,30.0,26.66,2.0,26.65,1.0,26.63,8.0,26.81,43.0,26.89,1.0,26.99,69.0,27.0,111.0,27.08,30.0,13.0,20150731130454,-1.52,-5.37,28.0,25.8,26.81,16850.0,4512.0,1.69,898.9,7.77,26.74,45.35,34.63,31.16,25.5,0.047,0.393,0.14,0.42
0,000018,26.73,28.33,27.17,16859.0,7432.0,9428.0,26.7,30.0,26.66,2.0,26.65,1.0,26.63,8.0,26.6,140.0,26.71,255.0,26.81,2.0,26.89,1.0,26.99,68.0,27.0,113.0,13.0,20150731130530,-1.6,-5.65,28.0,25.8,26.73,16859.0,4515.0,1.69,896.21,7.77,26.66,45.21,34.53,31.16,25.5,0.047,0.393,0.139,0.42
0,000018,26.7,28.33,27.17,16870.0,7430.0,9440.0,26.7,19.0,26.66,2.0,26.65,1.0,26.63,8.0,26.6,140.0,26.71,256.0,26.8,5.0,26.81,2.0,26.99,68.0,27.0,113.0,13.0,20150731130600,-1.63,-5.75,28.0,25.8,26.7,16870.0,4518.0,1.69,895.21,7.77,26.63,45.16,34.49,31.16,25.5,0.047,0.393,0.139,0.421
0,000018,26.7,28.33,27.17,16870.0,7430.0,9440.0,26.7,19.0,26.66,2.0,26.65,1.0,26.63,8.0,26.6,140.0,26.71,256.0,26.8,5.0,26.81,2.0,26.99,68.0,27.0,113.0,13.0,20150731130615,-1.63,-5.75,28.0,25.8,26.7,16870.0,4518.0,1.69,895.21,7.77,26.63,45.16,34.49,31.16,25.5,0.047,0.393,0.139,0.421
0,000018,26.7,28.33,27.17,16870.0,7430.0,9440.0,26.7,19.0,26.66,2.0,26.65,1.0,26.63,8.0,26.6,140.0,26.71,256.0,26.8,5.0,26.81,2.0,26.99,68.0,27.0,115.0,13.0,20150731130657,-1.63,-5.75,28.0,25.8,26.7,16870.0,4518.0,1.69,895.21,7.77,26.63,45.16,34.49,31.16,25.5,0.047,0.393,0.139,0.421
0,000018,26.7,28.33,27.17,16872.0,7430.0,9442.0,26.7,19.0,26.66,2.0,26.65,1.0,26.63,8.0,26.6,140.0,26.71,257.0,26.8,5.0,26.81,1.0,26.99,68.0,27.0,115.0,13.0,20150731130727,-1.63,-5.75,28.0,25.8,26.7,16872.0,4518.0,1.69,895.21,7.77,26.63,45.16,34.49,31.16,25.5,0.047,0.393,0.139,0.421
0,000018,26.7,28.33,27.17,16902.0,7430.0,9472.0,26.7,16.0,26.66,2.0,26.65,1.0,26.63,8.0,26.6,140.0,26.71,231.0,26.8,5.0,26.99,68.0,27.0,115.0,27.08,45.0,13.0,20150731130757,-1.63,-5.75,28.0,25.8,26.7,16902.0,4526.0,1.69,895.21,7.77,26.63,45.16,34.49,31.16,25.5,0.047,0.392,0.139,0.422
0,000018,26.71,28.33,27.17,16906.0,7434.0,9472.0,26.7,16.0,26.66,2.0,26.65,1.0,26.63,8.0,26.6,140.0,26.71,227.0,26.8,5.0,26.99,68.0,27.0,115.0,27.08,45.0,13.0,20150731130809,-1.62,-5.72,28.0,25.8,26.7,16906.0,4527.0,1.7,895.54,7.77,26.64,45.18,34.5,31.16,25.5,0.047,0.392,0.139,0.422
0,000018,26.7,28.33,27.17,16922.0,7434.0,9488.0,26.66,2.0,26.65,1.0,26.63,8.0,26.61,1.0,26.6,140.0,26.71,227.0,26.8,5.0,26.99,68.0,27.0,115.0,27.08,45.0,13.0,20150731130830,-1.63,-5.75,28.0,25.8,26.7,16922.0,4532.0,1.7,895.21,7.77,26.63,45.16,34.49,31.16,25.5,0.047,0.392,0.139,0.422
0,000018,26.71,28.33,27.17,16923.0,7435.0,9488.0,26.66,22.0,26.65,1.0,26.63,8.0,26.61,505.0,26.6,140.0,26.71,226.0,26.8,5.0,26.99,68.0,27.0,115.0,27.08,45.0,13.0,20150731130854,-1.62,-5.72,28.0,25.8,26.7,16923.0,4532.0,1.7,895.54,7.77,26.64,45.18,34.5,31.16,25.5,0.047,0.392,0.139,0.422
0,000018,26.71,28.33,27.17,16923.0,7435.0,9488.0,26.66,22.0,26.65,1.0,26.63,8.0,26.61,505.0,26.6,140.0,26.71,227.0,26.8,5.0,26.99,68.0,27.0,115.0,27.08,45.0,13.0,20150731130906,-1.62,-5.72,28.0,25.8,26.7,16923.0,4532.0,1.7,895.54,7.77,26.64,45.18,34.5,31.16,25.5,0.047,0.392,0.139,0.422
0,000018,26.65,28.33,27.17,16956.0,7446.0,9510.0,26.63,8.0,26.61,505.0,26.6,140.0,26.55,6.0,26.52,11.0,26.66,16.0,26.71,217.0,26.8,5.0,26.99,68.0,27.0,115.0,13.0,20150731130933,-1.68,-5.93,28.0,25.8,26.71,16956.0,4541.0,1.7,893.53,7.77,26.58,45.08,34.42,31.16,25.5,0.047,0.392,0.139,0.423
0,000018,26.63,28.33,27.17,16962.0,7445.0,9517.0,26.63,2.0,26.61,507.0,26.6,140.0,26.55,6.0,26.52,11.0,26.66,16.0,26.71,215.0,26.8,5.0,26.99,68.0,27.0,115.0,13.0,20150731131003,-1.7,-6.0,28.0,25.8,26.63,16962.0,4542.0,1.7,892.86,7.77,26.56,45.04,34.4,31.16,25.5,0.047,0.391,0.139,0.423
0,000018,26.63,28.33,27.17,16964.0,7445.0,9519.0,26.61,507.0,26.6,140.0,26.55,6.0,26.52,11.0,26.5,29.0,26.63,5.0,26.71,215.0,26.8,5.0,26.99,68.0,27.0,115.0,13.0,20150731131018,-1.7,-6.0,28.0,25.8,26.63,16964.0,4543.0,1.7,892.86,7.77,26.56,45.04,34.4,31.16,25.5,0.047,0.392,0.139,0.423
0,000018,26.71,28.33,27.17,17020.0,7480.0,9540.0,26.62,1.0,26.61,511.0,26.6,140.0,26.55,6.0,26.52,11.0,26.8,5.0,26.99,68.0,27.0,115.0,27.08,45.0,27.09,50.0,13.0,20150731131146,-1.62,-5.72,28.0,25.8,26.61,17020.0,4558.0,1.71,895.54,7.77,26.64,45.18,34.5,31.16,25.5,0.047,0.392,0.138,0.423
0,000018,26.62,28.33,27.17,17053.0,7512.0,9540.0,26.61,511.0,26.6,140.0,26.55,6.0,26.52,11.0,26.5,34.0,26.62,185.0,26.8,5.0,26.98,5.0,26.99,32.0,27.0,115.0,13.0,20150731131222,-1.71,-6.04,28.0,25.8,26.62,17053.0,4567.0,1.71,892.52,7.77,26.55,45.03,34.38,31.16,25.5,0.047,0.394,0.138,0.422
0,000018,26.61,28.33,27.17,17238.0,7524.0,9714.0,26.61,357.0,26.6,139.0,26.55,6.0,26.52,11.0,26.5,34.0,26.8,5.0,26.98,5.0,26.99,32.0,27.0,115.0,27.08,45.0,13.0,20150731131255,-1.72,-6.07,28.0,25.8,26.62,17238.0,4616.0,1.73,892.19,7.77,26.54,45.01,34.37,31.16,25.5,0.046,0.39,0.136,0.428
0,000018,26.62,28.33,27.17,17241.0,7524.0,9716.0,26.63,10.0,26.62,4.0,26.61,367.0,26.6,139.0,26.55,6.0,26.8,4.0,26.98,5.0,26.99,32.0,27.0,115.0,27.08,45.0,13.0,20150731131328,-1.71,-6.04,28.0,25.8,26.61,17241.0,4617.0,1.73,892.52,7.77,26.55,45.03,34.38,31.16,25.5,0.046,0.39,0.136,0.428
0,000018,26.62,28.33,27.17,17241.0,7523.0,9718.0,26.63,13.0,26.62,14.0,26.61,367.0,26.6,139.0,26.55,6.0,26.8,4.0,26.98,5.0,26.99,32.0,27.0,115.0,27.08,45.0,13.0,20150731131401,-1.71,-6.04,28.0,25.8,26.62,17241.0,4617.0,1.73,892.52,7.77,26.55,45.03,34.38,31.16,25.5,0.046,0.39,0.136,0.428
0,000018,26.62,28.33,27.17,17241.0,7523.0,9718.0,26.63,13.0,26.62,14.0,26.61,367.0,26.6,139.0,26.55,6.0,26.8,4.0,26.98,5.0,26.99,32.0,27.0,115.0,27.08,45.0,13.0,20150731131428,-1.71,-6.04,28.0,25.8,26.62,17241.0,4617.0,1.73,892.52,7.77,26.55,45.03,34.38,31.16,25.5,0.046,0.39,0.136,0.428
0,000018,26.62,28.33,27.17,17241.0,7523.0,9718.0,26.63,13.0,26.62,16.0,26.61,367.0,26.6,139.0,26.55,6.0,26.8,4.0,26.98,5.0,26.99,32.0,27.0,115.0,27.08,45.0,13.0,20150731131446,-1.71,-6.04,28.0,25.8,26.62,17241.0,4617.0,1.73,892.52,7.77,26.55,45.03,34.38,31.16,25.5,0.046,0.39,0.136,0.428
0,000018,26.62,28.33,27.17,17282.0,7528.0,9754.0,26.62,1.0,26.61,367.0,26.6,139.0,26.55,6.0,26.52,11.0,26.63,230.0,26.98,5.0,26.99,33.0,27.0,115.0,27.08,45.0,13.0,20150731131510,-1.71,-6.04,28.0,25.8,26.63,17282.0,4627.0,1.73,892.52,7.77,26.55,45.03,34.38,31.16,25.5,0.046,0.389,0.136,0.429
0,000018,26.62,28.33,27.17,17302.0,7528.0,9774.0,26.62,69.0,26.61,367.0,26.6,144.0,26.55,6.0,26.54,1.0,26.63,230.0,26.98,5.0,26.99,32.0,27.0,115.0,27.08,45.0,13.0,20150731131543,-1.71,-6.04,28.0,25.8,26.63,17302.0,4633.0,1.74,892.52,7.77,26.55,45.03,34.38,31.16,25.5,0.046,0.388,0.136,0.43
0,000018,26.62,28.33,27.17,17302.0,7527.0,9775.0,26.62,82.0,26.61,367.0,26.6,151.0,26.55,6.0,26.54,1.0,26.63,230.0,26.98,5.0,26.99,32.0,27.0,115.0,27.08,45.0,13.0,20150731131655,-1.71,-6.04,28.0,25.8,26.62,17302.0,4633.0,1.74,892.52,7.77,26.55,45.03,34.38,31.16,25.5,0.046,0.388,0.136,0.43
0,000018,26.62,28.33,27.17,17302.0,7528.0,9774.0,26.62,82.0,26.61,367.0,26.6,151.0,26.55,6.0,26.54,1.0,26.63,230.0,26.98,5.0,26.99,32.0,27.0,115.0,27.08,45.0,13.0,20150731131713,-1.71,-6.04,28.0,25.8,26.62,17302.0,4633.0,1.74,892.52,7.77,26.55,45.03,34.38,31.16,25.5,0.046,0.388,0.136,0.43
0,000018,26.63,28.33,27.17,17533.0,7758.0,9774.0,26.63,19.0,26.62,84.0,26.61,368.0,26.6,151.0,26.55,6.0,26.98,5.0,26.99,32.0,27.0,115.0,27.08,45.0,27.09,50.0,13.0,20150731131737,-1.7,-6.0,28.0,25.8,26.62,17533.0,4694.0,1.76,892.86,7.77,26.56,45.04,34.4,31.16,25.5,0.046,0.397,0.134,0.424
0,000018,26.98,28.33,27.17,17536.0,7760.0,9776.0,26.63,19.0,26.62,84.0,26.61,368.0,26.6,151.0,26.55,6.0,26.98,2.0,26.99,32.0,27.0,115.0,27.08,45.0,27.09,50.0,13.0,20150731131801,-1.35,-4.77,28.0,25.8,26.62,17536.0,4695.0,1.76,904.6,7.77,26.9,45.63,34.85,31.16,25.5,0.046,0.397,0.134,0.424
0,000018,26.98,28.33,27.17,17536.0,7760.0,9776.0,26.63,19.0,26.62,84.0,26.61,369.0,26.6,151.0,26.55,6.0,26.96,30.0,26.98,2.0,26.99,32.0,27.0,115.0,27.08,45.0,13.0,20150731131819,-1.35,-4.77,28.0,25.8,26.98,17536.0,4695.0,1.76,904.6,7.77,26.9,45.63,34.85,31.16,25.5,0.046,0.397,0.134,0.424
0,000018,26.95,28.33,27.17,17546.0,7770.0,9776.0,26.65,9.0,26.64,22.0,26.63,21.0,26.62,82.0,26.61,369.0,26.68,1.0,26.95,5.0,26.96,30.0,26.97,8.0,26.98,39.0,13.0,20150731132149,-1.38,-4.87,28.0,25.8,26.95,17546.0,4698.0,1.76,903.59,7.77,26.87,45.58,34.81,31.16,25.5,0.046,0.397,0.134,0.424
0,000018,26.65,28.33,27.17,17548.0,7770.0,9778.0,26.65,7.0,26.64,22.0,26.63,21.0,26.62,82.0,26.61,369.0,26.68,2.0,26.95,17.0,26.96,30.0,26.97,8.0,26.98,39.0,13.0,20150731132213,-1.68,-5.93,28.0,25.8,26.65,17548.0,4698.0,1.76,893.53,7.77,26.58,45.08,34.42,31.16,25.5,0.046,0.397,0.134,0.424
0,000018,26.65,28.33,27.17,17551.0,7772.0,9780.0,26.66,1.0,26.65,4.0,26.64,22.0,26.63,21.0,26.62,80.0,26.68,2.0,26.95,23.0,26.96,30.0,26.97,8.0,26.98,39.0,13.0,20150731132231,-1.68,-5.93,28.0,25.8,26.65,17551.0,4699.0,1.76,893.53,7.77,26.58,45.08,34.42,31.16,25.5,0.045,0.397,0.134,0.424
0,000018,26.65,28.33,27.17,17551.0,7772.0,9780.0,26.66,1.0,26.65,9.0,26.64,22.0,26.63,21.0,26.62,80.0,26.68,2.0,26.95,23.0,26.96,30.0,26.97,8.0,26.98,38.0,13.0,20150731132255,-1.68,-5.93,28.0,25.8,26.65,17551.0,4699.0,1.76,893.53,7.77,26.58,45.08,34.42,31.16,25.5,0.045,0.397,0.134,0.424
0,000018,26.66,28.33,27.17,17552.0,7770.0,9782.0,26.65,9.0,26.64,22.0,26.63,21.0,26.62,80.0,26.61,369.0,26.66,2.0,26.68,3.0,26.95,17.0,26.96,30.0,26.97,8.0,13.0,20150731132358,-1.67,-5.89,28.0,25.8,26.65,17552.0,4699.0,1.76,893.87,7.77,26.59,45.09,34.44,31.16,25.5,0.045,0.397,0.134,0.424
0,000018,26.65,28.33,27.17,17553.0,7770.0,9783.0,26.65,8.0,26.64,22.0,26.63,21.0,26.62,75.0,26.61,369.0,26.66,3.0,26.68,2.0,26.95,17.0,26.96,30.0,26.97,8.0,13.0,20150731132431,-1.68,-5.93,28.0,25.8,26.66,17553.0,4700.0,1.76,893.53,7.77,26.58,45.08,34.42,31.16,25.5,0.045,0.397,0.134,0.424
0,000018,26.68,28.33,27.17,17558.0,7775.0,9783.0,26.65,8.0,26.64,22.0,26.63,21.0,26.62,75.0,26.61,359.0,26.66,1.0,26.95,26.0,26.96,30.0,26.97,8.0,26.98,38.0,13.0,20150731132507,-1.65,-5.82,28.0,25.8,26.68,17558.0,4701.0,1.76,894.54,7.77,26.61,45.13,34.46,31.16,25.5,0.045,0.397,0.134,0.424
0,000018,26.68,28.33,27.17,17558.0,7775.0,9783.0,26.65,8.0,26.64,22.0,26.63,21.0,26.62,75.0,26.61,359.0,26.66,1.0,26.95,26.0,26.96,30.0,26.97,8.0,26.98,38.0,13.0,20150731132513,-1.65,-5.82,28.0,25.8,26.68,17558.0,4701.0,1.76,894.54,7.77,26.61,45.13,34.46,31.16,25.5,0.045,0.397,0.134,0.424
0,000018,26.66,28.33,27.17,17559.0,7776.0,9783.0,26.68,4.0,26.65,8.0,26.64,22.0,26.63,21.0,26.62,65.0,26.95,26.0,26.96,30.0,26.97,8.0,26.98,46.0,26.99,354.0,13.0,20150731132537,-1.67,-5.89,28.0,25.8,26.68,17559.0,4701.0,1.76,893.87,7.77,26.59,45.09,34.44,31.16,25.5,0.045,0.397,0.134,0.424
0,000018,26.65,28.33,27.17,17569.0,7776.0,9793.0,26.66,3.0,26.65,2.0,26.64,22.0,26.63,19.0,26.62,70.0,26.95,16.0,26.96,30.0,26.97,8.0,26.98,29.0,26.99,354.0,13.0,20150731132558,-1.68,-5.93,28.0,25.8,26.68,17569.0,4704.0,1.76,893.53,7.77,26.58,45.08,34.42,31.16,25.5,0.045,0.397,0.134,0.424
0,000018,26.65,28.33,27.17,17574.0,7776.0,9798.0,26.64,22.0,26.63,19.0,26.62,70.0,26.61,359.0,26.6,151.0,26.65,2.0,26.68,3.0,26.95,31.0,26.96,30.0,26.97,8.0,13.0,20150731132622,-1.68,-5.93,28.0,25.8,26.65,17574.0,4705.0,1.76,893.53,7.77,26.58,45.08,34.42,31.16,25.5,0.045,0.397,0.134,0.424
0,000018,26.65,28.33,27.17,17576.0,7778.0,9798.0,26.65,11.0,26.64,22.0,26.63,19.0,26.62,70.0,26.61,359.0,26.68,3.0,26.95,31.0,26.96,30.0,26.97,8.0,26.98,29.0,13.0,20150731132643,-1.68,-5.93,28.0,25.8,26.65,17576.0,4706.0,1.76,893.53,7.77,26.58,45.08,34.42,31.16,25.5,0.045,0.397,0.134,0.424
0,000018,26.68,28.33,27.17,17579.0,7781.0,9798.0,26.65,11.0,26.64,22.0,26.63,19.0,26.62,70.0,26.61,359.0,26.68,1.0,26.95,31.0,26.96,30.0,26.97,8.0,26.98,29.0,13.0,20150731132701,-1.65,-5.82,28.0,25.8,26.65,17579.0,4707.0,1.76,894.54,7.77,26.61,45.13,34.46,31.16,25.5,0.045,0.397,0.134,0.424
0,000018,26.68,28.33,27.17,17579.0,7781.0,9798.0,26.65,11.0,26.64,22.0,26.63,19.0,26.62,70.0,26.61,359.0,26.68,21.0,26.95,31.0,26.96,30.0,26.97,8.0,26.98,29.0,13.0,20150731132710,-1.65,-5.82,28.0,25.8,26.68,17579.0,4707.0,1.76,894.54,7.77,26.61,45.13,34.46,31.16,25.5,0.045,0.397,0.134,0.424
0,000018,26.68,28.33,27.17,17579.0,7782.0,9796.0,26.65,10.0,26.64,22.0,26.63,19.0,26.62,70.0,26.61,359.0,26.68,21.0,26.95,31.0,26.96,30.0,26.97,8.0,26.98,29.0,13.0,20150731132734,-1.65,-5.82,28.0,25.8,26.68,17579.0,4707.0,1.76,894.54,7.77,26.61,45.13,34.46,31.16,25.5,0.045,0.397,0.134,0.424
0,000018,26.68,28.33,27.17,17600.0,7802.0,9798.0,26.68,17.0,26.65,11.0,26.64,22.0,26.63,21.0,26.62,70.0,26.95,42.0,26.96,30.0,26.97,15.0,26.98,29.0,26.99,349.0,13.0,20150731132840,-1.65,-5.82,28.0,25.8,26.68,17600.0,4712.0,1.76,894.54,7.77,26.61,45.13,34.46,31.16,25.5,0.045,0.398,0.134,0.424
0,000018,26.68,28.33,27.17,17600.0,7802.0,9798.0,26.68,17.0,26.65,11.0,26.64,22.0,26.63,21.0,26.62,70.0,26.95,54.0,26.96,30.0,26.97,15.0,26.98,29.0,26.99,349.0,13.0,20150731132901,-1.65,-5.82,28.0,25.8,26.68,17600.0,4712.0,1.76,894.54,7.77,26.61,45.13,34.46,31.16,25.5,0.045,0.398,0.134,0.424
0,000018,26.68,28.33,27.17,17600.0,7802.0,9798.0,26.68,17.0,26.65,15.0,26.64,22.0,26.63,21.0,26.62,70.0,26.95,53.0,26.96,30.0,26.97,15.0,26.98,29.0,26.99,349.0,13.0,20150731132916,-1.65,-5.82,28.0,25.8,26.68,17600.0,4712.0,1.76,894.54,7.77,26.61,45.13,34.46,31.16,25.5,0.045,0.398,0.134,0.424
0,000018,26.68,28.33,27.17,17600.0,7804.0,9796.0,26.7,8.0,26.68,17.0,26.65,15.0,26.64,22.0,26.63,21.0,26.94,10.0,26.95,53.0,26.96,30.0,26.97,15.0,26.98,29.0,13.0,20150731132937,-1.65,-5.82,28.0,25.8,26.68,17600.0,4712.0,1.76,894.54,7.77,26.61,45.13,34.46,31.16,25.5,0.045,0.398,0.134,0.424
0,000018,26.68,28.33,27.17,17611.0,7802.0,9809.0,26.68,14.0,26.65,15.0,26.64,22.0,26.63,21.0,26.62,70.0,26.93,6.0,26.94,11.0,26.95,50.0,26.96,30.0,26.97,15.0,13.0,20150731133007,-1.65,-5.82,28.0,25.8,26.68,17611.0,4715.0,1.77,894.54,7.77,26.61,45.13,34.46,31.16,25.5,0.045,0.397,0.133,0.424
0,000018,26.68,28.33,27.17,17611.0,7802.0,9809.0,26.68,14.0,26.65,15.0,26.64,22.0,26.63,21.0,26.62,70.0,26.93,6.0,26.94,11.0,26.95,50.0,26.96,30.0,26.97,15.0,13.0,20150731133016,-1.65,-5.82,28.0,25.8,26.68,17611.0,4715.0,1.77,894.54,7.77,26.61,45.13,34.46,31.16,25.5,0.045,0.397,0.133,0.424
0,000018,26.68,28.33,27.17,17612.0,7804.0,9808.0,26.68,13.0,26.65,15.0,26.64,22.0,26.63,21.0,26.62,70.0,26.93,11.0,26.94,11.0,26.95,50.0,26.96,30.0,26.97,15.0,13.0,20150731133040,-1.65,-5.82,28.0,25.8,26.68,17612.0,4715.0,1.77,894.54,7.77,26.61,45.13,34.46,31.16,25.5,0.045,0.397,0.133,0.424
0,000018,26.68,28.33,27.17,17615.0,7804.0,9812.0,26.68,10.0,26.65,15.0,26.64,22.0,26.63,21.0,26.62,70.0,26.93,11.0,26.94,11.0,26.95,50.0,26.96,30.0,26.97,15.0,13.0,20150731133056,-1.65,-5.82,28.0,25.8,26.68,17615.0,4716.0,1.77,894.54,7.77,26.61,45.13,34.46,31.16,25.5,0.045,0.397,0.133,0.424
0,000018,26.68,28.33,27.17,17620.0,7802.0,9818.0,26.68,5.0,26.65,15.0,26.64,22.0,26.63,21.0,26.62,70.0,26.93,12.0,26.94,11.0,26.95,49.0,26.96,30.0,26.97,15.0,13.0,20150731133120,-1.65,-5.82,28.0,25.8,26.68,17620.0,4718.0,1.77,894.54,7.77,26.61,45.13,34.46,31.16,25.5,0.045,0.397,0.133,0.424
0,000018,26.68,28.33,27.17,17629.0,7802.0,9827.0,26.68,16.0,26.65,15.0,26.64,22.0,26.63,21.0,26.62,70.0,26.93,12.0,26.94,11.0,26.95,42.0,26.96,30.0,26.97,15.0,13.0,20150731133135,-1.65,-5.82,28.0,25.8,26.68,17629.0,4720.0,1.77,894.54,7.77,26.61,45.13,34.46,31.16,25.5,0.045,0.397,0.133,0.424
0,000018,26.68,28.33,27.17,17630.0,7802.0,9828.0,26.68,15.0,26.65,15.0,26.64,22.0,26.63,21.0,26.62,70.0,26.93,12.0,26.94,11.0,26.95,42.0,26.96,30.0,26.97,15.0,13.0,20150731133147,-1.65,-5.82,28.0,25.8,26.68,17630.0,4720.0,1.77,894.54,7.77,26.61,45.13,34.46,31.16,25.5,0.045,0.397,0.133,0.425
0,000018,26.68,28.33,27.17,17630.0,7802.0,9828.0,26.68,15.0,26.65,15.0,26.64,22.0,26.63,21.0,26.62,70.0,26.93,19.0,26.94,11.0,26.95,42.0,26.96,30.0,26.97,15.0,13.0,20150731133159,-1.65,-5.82,28.0,25.8,26.68,17630.0,4720.0,1.77,894.54,7.77,26.61,45.13,34.46,31.16,25.5,0.045,0.397,0.133,0.425
0,000018,26.68,28.33,27.17,17631.0,7802.0,9829.0,26.69,27.0,26.68,14.0,26.65,15.0,26.64,22.0,26.63,21.0,26.91,6.0,26.93,20.0,26.94,11.0,26.95,35.0,26.96,30.0,13.0,20150731133229,-1.65,-5.82,28.0,25.8,26.68,17631.0,4720.0,1.77,894.54,7.77,26.61,45.13,34.46,31.16,25.5,0.045,0.397,0.133,0.425
0,000018,26.69,28.33,27.17,17633.0,7802.0,9831.0,26.7,3.0,26.69,25.0,26.68,14.0,26.65,9.0,26.64,22.0,26.91,7.0,26.93,20.0,26.94,10.0,26.95,35.0,26.96,30.0,13.0,20150731133323,-1.64,-5.79,28.0,25.8,26.69,17633.0,4721.0,1.77,894.87,7.77,26.62,45.14,34.47,31.16,25.5,0.045,0.397,0.133,0.425
0,000018,26.91,28.33,27.17,17640.0,7809.0,9831.0,26.91,262.0,26.7,3.0,26.69,31.0,26.68,14.0,26.65,9.0,26.93,11.0,26.94,10.0,26.95,35.0,26.96,30.0,26.97,15.0,13.0,20150731133341,-1.42,-5.01,28.0,25.8,26.69,17640.0,4723.0,1.77,902.25,7.77,26.83,45.52,34.76,31.16,25.5,0.045,0.397,0.133,0.425
0,000018,26.93,28.33,27.17,17665.0,7821.0,9844.0,26.93,18.0,26.91,251.0,26.9,10.0,26.69,6.0,26.68,14.0,26.95,33.0,26.96,30.0,26.97,15.0,26.98,38.0,26.99,340.0,13.0,20150731133420,-1.4,-4.94,28.0,25.8,26.91,17665.0,4730.0,1.77,902.92,7.77,26.85,45.55,34.78,31.16,25.5,0.045,0.397,0.133,0.425
0,000018,26.93,28.33,27.17,17691.0,7830.0,9860.0,26.91,251.0,26.9,10.0,26.69,6.0,26.68,14.0,26.65,9.0,26.93,12.0,26.95,32.0,26.96,30.0,26.97,15.0,26.98,29.0,13.0,20150731133441,-1.4,-4.94,28.0,25.8,26.91,17691.0,4737.0,1.77,902.92,7.77,26.85,45.55,34.78,31.16,25.5,0.045,0.397,0.133,0.425
0,000018,26.91,28.33,27.17,17730.0,7829.0,9901.0,26.91,222.0,26.9,10.0,26.69,6.0,26.68,15.0,26.65,9.0,26.93,1.0,26.95,32.0,26.96,30.0,26.97,15.0,26.98,46.0,13.0,20150731133523,-1.42,-5.01,28.0,25.8,26.93,17730.0,4747.0,1.78,902.25,7.77,26.83,45.52,34.76,31.16,25.5,0.045,0.396,0.133,0.426
0,000018,26.91,28.33,27.17,17733.0,7829.0,9904.0,26.91,219.0,26.9,10.0,26.69,6.0,26.68,15.0,26.65,9.0,26.93,1.0,26.95,32.0,26.96,30.0,26.97,15.0,26.98,46.0,13.0,20150731133535,-1.42,-5.01,28.0,25.8,26.93,17733.0,4748.0,1.78,902.25,7.77,26.83,45.52,34.76,31.16,25.5,0.045,0.396,0.133,0.426
0,000018,26.91,28.33,27.17,17733.0,7830.0,9902.0,26.91,219.0,26.9,10.0,26.68,15.0,26.65,9.0,26.64,22.0,26.93,7.0,26.95,32.0,26.96,30.0,26.97,15.0,26.98,46.0,13.0,20150731133556,-1.42,-5.01,28.0,25.8,26.93,17733.0,4748.0,1.78,902.25,7.77,26.83,45.52,34.76,31.16,25.5,0.045,0.396,0.132,0.426
0,000018,26.91,28.33,27.17,17744.0,7835.0,9909.0,26.91,215.0,26.9,10.0,26.75,5.0,26.68,15.0,26.65,9.0,26.93,2.0,26.95,32.0,26.96,30.0,26.97,15.0,26.98,46.0,13.0,20150731133620,-1.42,-5.01,28.0,25.8,26.91,17744.0,4751.0,1.78,902.25,7.77,26.83,45.52,34.76,31.16,25.5,0.045,0.396,0.132,0.426
0,000018,26.91,28.33,27.17,17745.0,7835.0,9910.0,26.91,214.0,26.9,10.0,26.75,5.0,26.68,15.0,26.65,9.0,26.93,2.0,26.95,32.0,26.96,30.0,26.97,15.0,26.98,46.0,13.0,20150731133653,-1.42,-5.01,28.0,25.8,26.91,17745.0,4751.0,1.78,902.25,7.77,26.83,45.52,34.76,31.16,25.5,0.045,0.396,0.132,0.426
0,000018,26.91,28.33,27.17,17750.0,7835.0,9915.0,26.91,207.0,26.9,10.0,26.75,5.0,26.68,15.0,26.65,9.0,26.93,3.0,26.95,32.0,26.96,30.0,26.97,15.0,26.98,46.0,13.0,20150731133729,-1.42,-5.01,28.0,25.8,26.91,17750.0,4753.0,1.78,902.25,7.77,26.83,45.52,34.76,31.16,25.5,0.045,0.396,0.132,0.427
0,000018,26.93,28.33,27.17,17752.0,7837.0,9915.0,26.91,207.0,26.9,10.0,26.75,5.0,26.68,15.0,26.65,9.0,26.93,1.0,26.95,24.0,26.96,30.0,26.97,15.0,26.98,46.0,13.0,20150731133738,-1.4,-4.94,28.0,25.8,26.91,17752.0,4753.0,1.78,902.92,7.77,26.85,45.55,34.78,31.16,25.5,0.045,0.396,0.132,0.426
0,000018,26.93,28.33,27.17,17763.0,7848.0,9915.0,26.93,47.0,26.91,206.0,26.75,5.0,26.68,15.0,26.66,10.0,26.95,25.0,26.96,30.0,26.97,15.0,26.98,46.0,26.99,332.0,13.0,20150731133805,-1.4,-4.94,28.0,25.8,26.93,17763.0,4756.0,1.78,902.92,7.77,26.85,45.55,34.78,31.16,25.5,0.045,0.396,0.132,0.426
0,000018,26.93,28.33,27.17,17767.0,7848.0,9919.0,26.93,1.0,26.91,206.0,26.75,5.0,26.68,15.0,26.66,10.0,26.95,25.0,26.96,30.0,26.97,15.0,26.98,38.0,26.99,328.0,13.0,20150731133826,-1.4,-4.94,28.0,25.8,26.93,17767.0,4757.0,1.78,902.92,7.77,26.85,45.55,34.78,31.16,25.5,0.045,0.396,0.132,0.426
0,000018,26.95,28.33,27.17,17768.0,7849.0,9919.0,26.93,1.0,26.91,206.0,26.75,5.0,26.68,15.0,26.66,10.0,26.95,24.0,26.96,30.0,26.97,15.0,26.98,38.0,26.99,328.0,13.0,20150731133841,-1.38,-4.87,28.0,25.8,26.93,17768.0,4757.0,1.78,903.59,7.77,26.87,45.58,34.81,31.16,25.5,0.045,0.396,0.132,0.426
0,000018,26.91,28.33,27.17,17773.0,7850.0,9922.0,26.93,42.0,26.91,202.0,26.75,5.0,26.68,15.0,26.66,10.0,26.95,24.0,26.96,30.0,26.97,15.0,26.98,38.0,26.99,328.0,13.0,20150731133850,-1.42,-5.01,28.0,25.8,26.93,17773.0,4759.0,1.78,902.25,7.77,26.83,45.52,34.76,31.16,25.5,0.045,0.396,0.132,0.427
0,000018,26.95,28.33,27.17,17799.0,7862.0,9937.0,26.91,202.0,26.75,5.0,26.68,15.0,26.66,10.0,26.65,9.0,26.95,12.0,26.96,30.0,26.97,15.0,26.98,38.0,26.99,328.0,13.0,20150731133908,-1.38,-4.87,28.0,25.8,26.93,17799.0,4766.0,1.78,903.59,7.77,26.87,45.58,34.81,31.16,25.5,0.045,0.396,0.132,0.427
0,000018,26.95,28.33,27.17,17799.0,7862.0,9937.0,26.93,29.0,26.91,202.0,26.75,5.0,26.68,15.0,26.66,10.0,26.95,12.0,26.96,30.0,26.97,15.0,26.98,38.0,26.99,328.0,13.0,20150731133932,-1.38,-4.87,28.0,25.8,26.93,17799.0,4766.0,1.78,903.59,7.77,26.87,45.58,34.81,31.16,25.5,0.045,0.396,0.132,0.427
0,000018,26.95,28.33,27.17,17954.0,7882.0,10072.0,26.92,9.0,26.91,101.0,26.8,1.0,26.75,7.0,26.68,15.0,26.95,34.0,26.96,29.0,26.97,13.0,26.98,17.0,26.99,328.0,13.0,20150731134108,-1.38,-4.87,28.0,25.8,26.91,17954.0,4807.0,1.8,903.59,7.77,26.87,45.58,34.81,31.16,25.5,0.044,0.394,0.131,0.431
0,000018,26.95,28.33,27.17,17960.0,7888.0,10072.0,26.92,9.0,26.91,101.0,26.8,1.0,26.75,7.0,26.68,15.0,26.95,30.0,26.96,29.0,26.97,8.0,26.98,17.0,26.99,328.0,13.0,20150731134132,-1.38,-4.87,28.0,25.8,26.91,17960.0,4809.0,1.8,903.59,7.77,26.87,45.58,34.81,31.16,25.5,0.044,0.394,0.131,0.431
0,000018,26.95,28.33,27.17,17982.0,7908.0,10074.0,26.92,9.0,26.91,101.0,26.9,2.0,26.8,1.0,26.75,7.0,26.95,11.0,26.96,29.0,26.97,8.0,26.98,22.0,26.99,328.0,13.0,20150731134205,-1.38,-4.87,28.0,25.8,26.95,17982.0,4815.0,1.8,903.59,7.77,26.87,45.58,34.81,31.16,25.5,0.044,0.395,0.131,0.43
0,000018,26.95,28.33,27.17,17982.0,7908.0,10074.0,26.94,44.0,26.93,1.0,26.92,9.0,26.91,101.0,26.9,2.0,26.95,11.0,26.96,29.0,26.97,8.0,26.98,14.0,26.99,328.0,13.0,20150731134217,-1.38,-4.87,28.0,25.8,26.95,17982.0,4815.0,1.8,903.59,7.77,26.87,45.58,34.81,31.16,25.5,0.044,0.395,0.131,0.43
0,000018,26.94,28.33,27.17,17997.0,7908.0,10089.0,26.94,29.0,26.93,1.0,26.92,9.0,26.91,101.0,26.9,2.0,26.95,14.0,26.96,29.0,26.97,8.0,26.98,13.0,26.99,328.0,13.0,20150731134238,-1.39,-4.91,28.0,25.8,26.95,17997.0,4819.0,1.8,903.25,7.77,26.86,45.57,34.8,31.16,25.5,0.044,0.395,0.131,0.43
0,000018,26.94,28.33,27.17,18027.0,7911.0,10116.0,26.93,1.0,26.92,9.0,26.91,101.0,26.9,14.0,26.8,3.0,26.94,128.0,26.95,25.0,26.96,28.0,26.97,8.0,26.98,13.0,13.0,20150731134317,-1.39,-4.91,28.0,25.8,26.94,18027.0,4827.0,1.81,903.25,7.77,26.86,45.57,34.8,31.16,25.5,0.044,0.394,0.13,0.431
0,000018,26.93,28.33,27.17,18029.0,7912.0,10117.0,26.92,58.0,26.91,101.0,26.9,2.0,26.8,3.0,26.75,7.0,26.93,47.0,26.94,117.0,26.95,19.0,26.96,28.0,26.97,8.0,13.0,20150731134338,-1.4,-4.94,28.0,25.8,26.94,18029.0,4828.0,1.81,902.92,7.77,26.85,45.55,34.78,31.16,25.5,0.044,0.394,0.13,0.431
0,000018,26.92,28.33,27.17,18044.0,7916.0,10128.0,26.92,47.0,26.91,101.0,26.9,2.0,26.8,3.0,26.75,7.0,26.93,43.0,26.94,117.0,26.95,19.0,26.96,28.0,26.97,8.0,13.0,20150731134350,-1.41,-4.98,28.0,25.8,26.94,18044.0,4832.0,1.81,902.58,7.77,26.84,45.53,34.77,31.16,25.5,0.044,0.394,0.13,0.431
0,000018,26.92,28.33,27.17,18106.0,7918.0,10188.0,26.92,3.0,26.91,88.0,26.9,2.0,26.8,3.0,26.75,7.0,26.93,64.0,26.94,85.0,26.95,18.0,26.96,28.0,26.97,8.0,13.0,20150731134417,-1.41,-4.98,28.0,25.8,26.92,18106.0,4848.0,1.82,902.58,7.77,26.84,45.53,34.77,31.16,25.5,0.044,0.393,0.13,0.433
0,000018,26.92,28.33,27.17,18111.0,7920.0,10192.0,26.91,88.0,26.9,2.0,26.8,3.0,26.75,7.0,26.68,15.0,26.92,2.0,26.93,64.0,26.94,85.0,26.95,18.0,26.96,28.0,13.0,20150731134429,-1.41,-4.98,28.0,25.8,26.92,18111.0,4850.0,1.82,902.58,7.77,26.84,45.53,34.77,31.16,25.5,0.044,0.393,0.13,0.433
0,000018,26.91,28.33,27.17,18122.0,7920.0,10202.0,26.91,76.0,26.9,2.0,26.8,3.0,26.75,7.0,26.68,15.0,26.92,2.0,26.93,64.0,26.94,85.0,26.95,18.0,26.96,28.0,13.0,20150731134450,-1.42,-5.01,28.0,25.8,26.92,18122.0,4853.0,1.82,902.25,7.77,26.83,45.52,34.76,31.16,25.5,0.044,0.391,0.129,0.435
0,000018,26.91,28.33,27.17,18205.0,7920.0,10284.0,26.9,2.0,26.8,3.0,26.75,7.0,26.68,15.0,26.66,10.0,26.91,41.0,26.92,3.0,26.93,64.0,26.94,85.0,26.95,17.0,13.0,20150731134514,-1.42,-5.01,28.0,25.8,26.91,18205.0,4875.0,1.83,902.25,7.77,26.83,45.52,34.76,31.16,25.5,0.044,0.391,0.129,0.436
0,000018,26.9,28.33,27.17,18207.0,7922.0,10285.0,26.8,3.0,26.75,7.0,26.68,73.0,26.66,10.0,26.65,9.0,26.88,8.0,26.9,10.0,26.91,40.0,26.92,1.0,26.93,22.0,13.0,20150731134538,-1.43,-5.05,28.0,25.8,26.91,18207.0,4876.0,1.83,901.91,7.77,26.82,45.5,34.75,31.16,25.5,0.044,0.391,0.129,0.436
0,000018,26.68,28.33,27.17,18259.0,7923.0,10336.0,26.68,32.0,26.66,10.0,26.65,9.0,26.64,22.0,26.63,21.0,26.88,8.0,26.9,10.0,26.91,40.0,26.92,1.0,26.93,22.0,13.0,20150731134559,-1.65,-5.82,28.0,25.8,26.91,18259.0,4889.0,1.83,894.54,7.77,26.61,45.13,34.46,31.16,25.5,0.042,0.377,0.157,0.424
0,000018,26.6,28.33,27.17,18859.0,7922.0,10938.0,26.61,10.0,26.6,77.0,26.55,1.0,26.54,1.0,26.52,11.0,26.68,1.0,26.88,8.0,26.9,10.0,26.91,40.0,26.92,1.0,13.0,20150731134626,-1.73,-6.11,28.0,25.8,26.6,18859.0,5049.0,1.89,891.85,7.77,26.53,44.99,34.36,31.16,25.5,0.042,0.377,0.157,0.424
0,000018,26.68,28.33,27.17,18860.0,7922.0,10938.0,26.68,5.0,26.63,4.0,26.61,10.0,26.6,81.0,26.55,1.0,26.88,8.0,26.9,10.0,26.91,40.0,26.92,1.0,26.93,2.0,13.0,20150731134650,-1.65,-5.82,28.0,25.8,26.6,18860.0,5049.0,1.89,894.54,7.77,26.61,45.13,34.46,31.16,25.5,0.042,0.377,0.157,0.424
0,000018,26.68,28.33,27.17,18861.0,7922.0,10938.0,26.69,412.0,26.68,4.0,26.63,4.0,26.61,10.0,26.6,84.0,26.88,9.0,26.9,10.0,26.91,40.0,26.92,1.0,26.93,1.0,13.0,20150731134711,-1.65,-5.82,28.0,25.8,26.68,18861.0,5050.0,1.89,894.54,7.77,26.61,45.13,34.46,31.16,25.5,0.042,0.377,0.157,0.424
0,000018,26.69,28.33,27.17,19261.0,7922.0,11338.0,26.7,1.0,26.69,22.0,26.68,13.0,26.63,4.0,26.61,15.0,26.88,9.0,26.9,10.0,26.91,40.0,26.92,1.0,26.93,1.0,13.0,20150731134729,-1.64,-5.79,28.0,25.8,26.68,19261.0,5156.0,1.93,894.87,7.77,26.62,45.14,34.47,31.16,25.5,0.041,0.369,0.174,0.415
0,000018,26.69,28.33,27.17,19261.0,7922.0,11338.0,26.7,15.0,26.69,22.0,26.68,14.0,26.62,6.0,26.61,15.0,26.88,9.0,26.9,10.0,26.91,40.0,26.92,1.0,26.93,1.0,13.0,20150731134750,-1.64,-5.79,28.0,25.8,26.68,19261.0,5156.0,1.93,894.87,7.77,26.62,45.14,34.47,31.16,25.5,0.041,0.369,0.174,0.415
0,000018,26.7,28.33,27.17,19262.0,7922.0,11340.0,26.7,14.0,26.69,22.0,26.68,14.0,26.62,6.0,26.61,15.0,26.88,10.0,26.9,10.0,26.91,40.0,26.93,1.0,26.94,85.0,13.0,20150731134802,-1.63,-5.75,28.0,25.8,26.69,19262.0,5157.0,1.93,895.21,7.77,26.63,45.16,34.49,31.16,25.5,0.041,0.369,0.174,0.415
0,000018,26.7,28.33,27.17,19262.0,7924.0,11338.0,26.71,2.0,26.7,12.0,26.69,22.0,26.68,34.0,26.66,10.0,26.88,10.0,26.9,10.0,26.91,40.0,26.93,7.0,26.94,85.0,13.0,20150731134832,-1.63,-5.75,28.0,25.8,26.69,19262.0,5157.0,1.93,895.21,7.77,26.63,45.16,34.49,31.16,25.5,0.041,0.369,0.174,0.415
0,000018,26.7,28.33,27.17,19262.0,7922.0,11340.0,26.72,10.0,26.71,5.0,26.7,23.0,26.69,22.0,26.68,34.0,26.88,11.0,26.9,10.0,26.91,40.0,26.93,7.0,26.94,85.0,13.0,20150731134914,-1.63,-5.75,28.0,25.8,26.7,19262.0,5157.0,1.93,895.21,7.77,26.63,45.16,34.49,31.16,25.5,0.041,0.369,0.174,0.415
0,000018,26.72,28.33,27.17,19272.0,7922.0,11350.0,26.71,5.0,26.7,13.0,26.69,22.0,26.68,14.0,26.66,10.0,26.72,5.0,26.88,11.0,26.9,10.0,26.91,40.0,26.93,7.0,13.0,20150731134923,-1.61,-5.68,28.0,25.8,26.7,19272.0,5159.0,1.93,895.88,7.77,26.65,45.19,34.51,31.16,25.5,0.041,0.369,0.174,0.415
0,000018,26.72,28.33,27.17,19277.0,7928.0,11350.0,26.71,5.0,26.7,13.0,26.69,22.0,26.68,41.0,26.66,10.0,26.88,11.0,26.9,10.0,26.91,40.0,26.93,7.0,26.94,85.0,13.0,20150731134950,-1.61,-5.68,28.0,25.8,26.7,19277.0,5161.0,1.93,895.88,7.77,26.65,45.19,34.51,31.16,25.5,0.041,0.369,0.174,0.415
0,000018,26.72,28.33,27.17,19277.0,7928.0,11350.0,26.72,3.0,26.71,5.0,26.7,18.0,26.69,22.0,26.68,40.0,26.88,412.0,26.9,10.0,26.91,40.0,26.93,7.0,26.94,85.0,13.0,20150731135006,-1.61,-5.68,28.0,25.8,26.72,19277.0,5161.0,1.93,895.88,7.77,26.65,45.19,34.51,31.16,25.5,0.041,0.369,0.174,0.415
0,000018,26.72,28.33,27.17,19277.0,7928.0,11350.0,26.79,2.0,26.72,12.0,26.71,9.0,26.7,18.0,26.69,22.0,26.88,412.0,26.9,10.0,26.91,40.0,26.93,7.0,26.94,85.0,13.0,20150731135030,-1.61,-5.68,28.0,25.8,26.72,19277.0,5161.0,1.93,895.88,7.77,26.65,45.19,34.51,31.16,25.5,0.041,0.369,0.174,0.415
0,000018,26.72,28.33,27.17,19277.0,7928.0,11350.0,26.79,2.0,26.72,12.0,26.71,9.0,26.7,18.0,26.69,22.0,26.88,412.0,26.9,10.0,26.91,40.0,26.93,7.0,26.94,85.0,13.0,20150731135042,-1.61,-5.68,28.0,25.8,26.72,19277.0,5161.0,1.93,895.88,7.77,26.65,45.19,34.51,31.16,25.5,0.041,0.369,0.174,0.415
0,000018,26.88,28.33,27.17,19278.0,7928.0,11350.0,26.79,2.0,26.72,12.0,26.71,9.0,26.7,18.0,26.69,22.0,26.88,412.0,26.9,10.0,26.91,40.0,26.93,7.0,26.94,85.0,13.0,20150731135103,-1.45,-5.12,28.0,25.8,26.88,19278.0,5161.0,1.93,901.24,7.77,26.8,45.47,34.72,31.16,25.5,0.041,0.369,0.174,0.415
0,000018,26.7,28.33,27.17,19307.0,7936.0,11372.0,26.7,13.0,26.69,22.0,26.68,45.0,26.66,10.0,26.65,60.0,26.88,405.0,26.9,10.0,26.91,40.0,26.93,7.0,26.94,85.0,13.0,20150731135121,-1.63,-5.75,28.0,25.8,26.88,19307.0,5168.0,1.94,895.21,7.77,26.63,45.16,34.49,31.16,25.5,0.041,0.369,0.174,0.416
0,000018,26.7,28.33,27.17,19307.0,7936.0,11372.0,26.7,13.0,26.69,22.0,26.68,45.0,26.66,10.0,26.65,60.0,26.87,10.0,26.88,405.0,26.9,10.0,26.91,40.0,26.93,7.0,13.0,20150731135142,-1.63,-5.75,28.0,25.8,26.88,19307.0,5168.0,1.94,895.21,7.77,26.63,45.16,34.49,31.16,25.5,0.041,0.369,0.174,0.416
0,000018,26.68,28.33,27.17,19362.0,7936.0,11426.0,26.68,26.0,26.66,10.0,26.65,60.0,26.62,6.0,26.61,17.0,26.87,10.0,26.88,405.0,26.9,10.0,26.91,40.0,26.93,7.0,13.0,20150731135157,-1.65,-5.82,28.0,25.8,26.88,19362.0,5183.0,1.94,894.54,7.77,26.61,45.13,34.46,31.16,25.5,0.041,0.368,0.173,0.417
0,000018,26.65,28.33,27.17,19481.0,7936.0,11546.0,26.65,7.0,26.62,6.0,26.61,17.0,26.6,93.0,26.55,1.0,26.87,11.0,26.88,402.0,26.9,10.0,26.91,40.0,26.93,7.0,13.0,20150731135221,-1.68,-5.93,28.0,25.8,26.68,19481.0,5215.0,1.95,893.53,7.77,26.58,45.08,34.42,31.16,25.5,0.041,0.366,0.172,0.421
0,000018,26.65,28.33,27.17,19481.0,7936.0,11546.0,26.65,7.0,26.62,6.0,26.61,17.0,26.6,88.0,26.55,1.0,26.86,2.0,26.87,43.0,26.88,402.0,26.9,10.0,26.91,40.0,13.0,20150731135236,-1.68,-5.93,28.0,25.8,26.68,19481.0,5215.0,1.95,893.53,7.77,26.58,45.08,34.42,31.16,25.5,0.041,0.366,0.172,0.421
0,000018,26.65,28.33,27.17,19481.0,7937.0,11544.0,26.65,10.0,26.62,6.0,26.61,17.0,26.6,88.0,26.55,1.0,26.86,2.0,26.87,43.0,26.88,402.0,26.9,10.0,26.91,40.0,13.0,20150731135257,-1.68,-5.93,28.0,25.8,26.68,19481.0,5215.0,1.95,893.53,7.77,26.58,45.08,34.42,31.16,25.5,0.041,0.366,0.172,0.421
0,000018,26.65,28.33,27.17,19482.0,7936.0,11546.0,26.75,9.0,26.65,9.0,26.62,6.0,26.61,17.0,26.6,88.0,26.86,3.0,26.87,43.0,26.88,401.0,26.9,10.0,26.91,40.0,13.0,20150731135330,-1.68,-5.93,28.0,25.8,26.65,19482.0,5215.0,1.95,893.53,7.77,26.58,45.08,34.42,31.16,25.5,0.041,0.366,0.172,0.421
0,000018,26.65,28.33,27.17,19482.0,7936.0,11546.0,26.75,9.0,26.65,9.0,26.62,6.0,26.61,17.0,26.6,88.0,26.86,3.0,26.87,43.0,26.88,401.0,26.9,10.0,26.91,40.0,13.0,20150731135336,-1.68,-5.93,28.0,25.8,26.65,19482.0,5215.0,1.95,893.53,7.77,26.58,45.08,34.42,31.16,25.5,0.041,0.366,0.172,0.421
0,000018,26.65,28.33,27.17,19492.0,7937.0,11555.0,26.65,10.0,26.62,6.0,26.61,7.0,26.6,87.0,26.55,1.0,26.75,30.0,26.86,9.0,26.87,43.0,26.88,400.0,26.9,10.0,13.0,20150731135403,-1.68,-5.93,28.0,25.8,26.75,19492.0,5218.0,1.95,893.53,7.77,26.58,45.08,34.42,31.16,25.5,0.041,0.366,0.172,0.421
0,000018,26.75,28.33,27.17,19522.0,7966.0,11556.0,26.66,50.0,26.65,10.0,26.62,6.0,26.61,7.0,26.6,87.0,26.86,9.0,26.87,43.0,26.88,400.0,26.9,10.0,26.91,40.0,13.0,20150731135415,-1.58,-5.58,28.0,25.8,26.75,19522.0,5226.0,1.96,896.88,7.77,26.68,45.25,34.55,31.16,25.5,0.041,0.367,0.172,0.421
0,000018,26.75,28.33,27.17,19522.0,7966.0,11556.0,26.66,52.0,26.65,32.0,26.62,6.0,26.61,7.0,26.6,98.0,26.86,7.0,26.87,11.0,26.88,400.0,26.9,10.0,26.91,40.0,13.0,20150731135442,-1.58,-5.58,28.0,25.8,26.75,19522.0,5226.0,1.96,896.88,7.77,26.68,45.25,34.55,31.16,25.5,0.041,0.367,0.172,0.421
0,000018,26.88,28.33,27.17,19841.0,8234.0,11607.0,26.65,33.0,26.62,6.0,26.61,7.0,26.6,98.0,26.55,1.0,26.88,282.0,26.9,10.0,26.91,40.0,26.93,1.0,26.94,85.0,13.0,20150731135457,-1.45,-5.12,28.0,25.8,26.75,19841.0,5311.0,1.99,901.24,7.77,26.8,45.47,34.72,31.16,25.5,0.04,0.374,0.169,0.416
0,000018,26.88,28.33,27.17,20158.0,8512.0,11646.0,26.89,12.0,26.71,100.0,26.7,15.0,26.66,176.0,26.65,19.0,26.9,10.0,26.91,40.0,26.93,1.0,26.94,85.0,26.95,10.0,13.0,20150731135606,-1.45,-5.12,28.0,25.8,26.88,20158.0,5396.0,2.02,901.24,7.77,26.8,45.47,34.72,31.16,25.5,0.04,0.382,0.166,0.412
0,000018,26.91,28.33,27.17,20208.0,8562.0,11646.0,26.91,50.0,26.9,31.0,26.89,1.0,26.88,1.0,26.71,102.0,26.93,3.0,26.94,85.0,26.95,10.0,26.96,28.0,26.97,13.0,13.0,20150731135618,-1.42,-5.01,28.0,25.8,26.88,20208.0,5410.0,2.03,902.25,7.77,26.83,45.52,34.76,31.16,25.5,0.039,0.384,0.166,0.41
0,000018,26.95,28.33,27.17,20315.0,8606.0,11710.0,26.94,28.0,26.93,28.0,26.91,36.0,26.9,5.0,26.88,1.0,26.95,4.0,26.96,28.0,26.97,13.0,26.98,10.0,26.99,328.0,13.0,20150731135639,-1.38,-4.87,28.0,25.8,26.88,20315.0,5439.0,2.04,903.59,7.77,26.87,45.58,34.81,31.16,25.5,0.039,0.385,0.165,0.411
0,000018,27.0,28.33,27.17,20402.0,8691.0,11711.0,26.99,21.0,26.98,13.0,26.97,20.0,26.96,55.0,26.94,6.0,27.0,8.0,27.08,45.0,27.09,50.0,27.1,80.0,27.11,30.0,13.0,20150731135706,-1.33,-4.69,28.0,25.8,26.98,20402.0,5462.0,2.05,905.27,7.77,26.92,45.67,34.87,31.16,25.5,0.039,0.386,0.164,0.41
0,000018,27.08,28.33,27.17,20411.0,8698.0,11712.0,27.0,26.0,26.99,24.0,26.98,13.0,26.97,30.0,26.96,55.0,27.08,44.0,27.09,50.0,27.1,80.0,27.11,30.0,27.2,170.0,13.0,20150731135721,-1.25,-4.41,28.0,25.8,26.98,20411.0,5465.0,2.05,907.95,7.77,27.0,45.8,34.98,31.16,25.5,0.039,0.387,0.164,0.41
0,000018,27.09,28.33,27.17,20482.0,8771.0,11711.0,27.08,135.0,27.01,3.0,27.0,26.0,26.99,21.0,26.98,9.0,27.09,23.0,27.1,80.0,27.11,30.0,27.2,170.0,27.23,2.0,13.0,20150731135745,-1.24,-4.38,28.0,25.8,26.98,20482.0,5484.0,2.05,908.28,7.77,27.01,45.82,34.99,31.16,25.5,0.039,0.389,0.164,0.408
0,000018,27.2,28.33,27.17,20689.0,8978.0,11711.0,27.1,8.0,27.09,28.0,27.08,38.0,27.01,3.0,27.0,33.0,27.2,96.0,27.23,2.0,27.28,50.0,27.3,400.0,27.5,28.0,13.0,20150731135800,-1.13,-3.99,28.0,25.8,26.98,20689.0,5540.0,2.07,911.97,7.77,27.12,46.01,35.13,31.16,25.5,0.038,0.397,0.162,0.403
0,000018,27.23,28.33,27.17,20787.0,9074.0,11712.0,27.2,136.0,27.1,1.0,27.09,54.0,27.08,38.0,27.01,2.0,27.23,1.0,27.27,5.0,27.28,50.0,27.3,400.0,27.5,28.0,13.0,20150731135821,-1.1,-3.88,28.0,25.8,27.2,20787.0,5567.0,2.08,912.98,7.77,27.15,46.06,35.17,31.16,25.5,0.038,0.398,0.161,0.402
0,000018,27.2,28.33,27.17,20986.0,9080.0,11906.0,27.19,1.0,27.1,1.0,27.09,50.0,27.08,18.0,27.01,2.0,27.2,7.0,27.28,50.0,27.3,400.0,27.5,28.0,27.51,14.0,13.0,20150731135845,-1.13,-3.99,28.0,25.8,27.2,20986.0,5621.0,2.1,911.97,7.77,27.12,46.01,35.13,31.16,25.5,0.038,0.394,0.16,0.408
0,000018,27.2,28.33,27.17,20987.0,9083.0,11904.0,27.19,1.0,27.1,1.0,27.09,50.0,27.08,18.0,27.01,2.0,27.2,7.0,27.27,1.0,27.28,50.0,27.3,400.0,27.5,28.0,13.0,20150731135857,-1.13,-3.99,28.0,25.8,27.2,20987.0,5621.0,2.1,911.97,7.77,27.12,46.01,35.13,31.16,25.5,0.038,0.394,0.16,0.408
0,000018,27.19,28.33,27.17,21030.0,9104.0,11926.0,27.09,50.0,27.08,18.0,27.01,2.0,27.0,4.0,26.99,21.0,27.2,2.0,27.21,10.0,27.25,10.0,27.28,50.0,27.3,400.0,13.0,20150731135924,-1.14,-4.02,28.0,25.8,27.2,21030.0,5633.0,2.11,911.64,7.77,27.11,45.99,35.12,31.16,25.5,0.038,0.395,0.16,0.408
0,000018,27.2,28.33,27.17,21089.0,9106.0,11982.0,27.1,2.0,27.09,16.0,27.08,18.0,27.01,2.0,27.0,9.0,27.2,1.0,27.25,5.0,27.28,50.0,27.3,400.0,27.5,28.0,13.0,20150731135939,-1.13,-3.99,28.0,25.8,27.2,21089.0,5649.0,2.11,911.97,7.77,27.12,46.01,35.13,31.16,25.5,0.038,0.393,0.159,0.41
0,000018,27.09,28.33,27.17,21104.0,9108.0,11996.0,27.09,3.0,27.08,18.0,27.01,2.0,27.0,16.0,26.99,21.0,27.19,14.0,27.2,1.0,27.25,13.0,27.28,50.0,27.3,400.0,13.0,20150731140006,-1.24,-4.38,28.0,25.8,27.09,21104.0,5653.0,2.12,908.28,7.77,27.01,45.82,34.99,31.16,25.5,0.038,0.393,0.159,0.41
0,000018,27.09,28.33,27.17,21109.0,9108.0,12000.0,27.08,18.0,27.01,2.0,27.0,36.0,26.99,21.0,26.98,9.0,27.09,13.0,27.19,14.0,27.2,1.0,27.25,8.0,27.28,50.0,14.0,20150731140021,-1.24,-4.38,28.0,25.8,27.09,21109.0,5654.0,2.12,908.28,7.77,27.01,45.82,34.99,31.16,25.5,0.038,0.393,0.159,0.41
0,000018,27.08,28.33,27.17,21127.0,9108.0,12018.0,27.01,2.0,27.0,36.0,26.99,21.0,26.98,9.0,26.91,36.0,27.08,2.0,27.09,13.0,27.19,14.0,27.2,401.0,27.25,8.0,14.0,20150731140042,-1.25,-4.41,28.0,25.8,27.09,21127.0,5659.0,2.12,907.95,7.77,27.0,45.8,34.98,31.16,25.5,0.038,0.393,0.159,0.411
0,000018,27.08,28.33,27.17,21127.0,9108.0,12018.0,27.0,36.0,26.99,21.0,26.98,9.0,26.93,2.0,26.91,36.0,27.08,102.0,27.09,10.0,27.19,14.0,27.2,401.0,27.25,8.0,14.0,20150731140057,-1.25,-4.41,28.0,25.8,27.09,21127.0,5659.0,2.12,907.95,7.77,27.0,45.8,34.98,31.16,25.5,0.038,0.393,0.159,0.411
0,000018,27.08,28.33,27.17,21130.0,9112.0,12018.0,27.0,36.0,26.99,21.0,26.98,9.0,26.93,2.0,26.91,24.0,27.08,107.0,27.09,10.0,27.19,14.0,27.2,401.0,27.25,8.0,14.0,20150731140127,-1.25,-4.41,28.0,25.8,27.08,21130.0,5660.0,2.12,907.95,7.77,27.0,45.8,34.98,31.16,25.5,0.038,0.393,0.159,0.41
0,000018,27.07,28.33,27.17,21139.0,9116.0,12024.0,27.0,31.0,26.99,21.0,26.98,9.0,26.93,2.0,26.91,24.0,27.07,11.0,27.08,110.0,27.09,10.0,27.19,14.0,27.2,401.0,14.0,20150731140142,-1.26,-4.45,28.0,25.8,27.08,21139.0,5662.0,2.12,907.61,7.77,26.99,45.79,34.97,31.16,25.5,0.038,0.393,0.159,0.411
0,000018,27.05,28.33,27.17,21141.0,9118.0,12024.0,27.05,3.0,27.0,31.0,26.99,21.0,26.98,9.0,26.93,2.0,27.07,15.0,27.08,7.0,27.09,10.0,27.19,14.0,27.2,401.0,14.0,20150731140206,-1.28,-4.52,28.0,25.8,27.05,21141.0,5663.0,2.12,906.94,7.77,26.97,45.75,34.94,31.16,25.5,0.038,0.393,0.159,0.41
0,000018,27.05,28.33,27.17,21141.0,9118.0,12024.0,27.05,3.0,27.0,84.0,26.99,21.0,26.98,9.0,26.93,2.0,27.07,115.0,27.08,7.0,27.09,10.0,27.19,14.0,27.2,401.0,14.0,20150731140227,-1.28,-4.52,28.0,25.8,27.05,21141.0,5663.0,2.12,906.94,7.77,26.97,45.75,34.94,31.16,25.5,0.038,0.393,0.159,0.41
0,000018,27.05,28.33,27.17,21153.0,9126.0,12026.0,27.0,84.0,26.99,21.0,26.98,9.0,26.93,2.0,26.91,24.0,27.05,7.0,27.07,104.0,27.08,7.0,27.09,10.0,27.19,14.0,14.0,20150731140248,-1.28,-4.52,28.0,25.8,27.05,21153.0,5666.0,2.12,906.94,7.77,26.97,45.75,34.94,31.16,25.5,0.038,0.393,0.159,0.41
0,000018,27.05,28.33,27.17,21250.0,9222.0,12028.0,27.05,51.0,27.01,5.0,27.0,114.0,26.99,21.0,26.98,9.0,27.07,16.0,27.08,7.0,27.09,10.0,27.19,13.0,27.2,402.0,14.0,20150731140306,-1.28,-4.52,28.0,25.8,27.05,21250.0,5692.0,2.13,906.94,7.77,26.97,45.75,34.94,31.16,25.5,0.038,0.396,0.158,0.409
0,000018,27.07,28.33,27.17,21266.0,9238.0,12028.0,27.07,14.0,27.05,36.0,27.01,5.0,27.0,115.0,26.99,21.0,27.08,7.0,27.09,10.0,27.19,13.0,27.2,402.0,27.25,3.0,14.0,20150731140330,-1.26,-4.45,28.0,25.8,27.05,21266.0,5697.0,2.13,907.61,7.77,26.99,45.79,34.97,31.16,25.5,0.038,0.397,0.158,0.408
0,000018,27.07,28.33,27.17,21266.0,9238.0,12028.0,27.07,14.0,27.05,33.0,27.01,5.0,27.0,115.0,26.99,21.0,27.08,7.0,27.09,10.0,27.19,13.0,27.2,402.0,27.25,3.0,14.0,20150731140348,-1.26,-4.45,28.0,25.8,27.05,21266.0,5697.0,2.13,907.61,7.77,26.99,45.79,34.97,31.16,25.5,0.038,0.397,0.158,0.408
0,000018,27.07,28.33,27.17,21280.0,9242.0,12038.0,27.08,5.0,27.07,3.0,27.05,33.0,27.01,9.0,27.0,80.0,27.09,11.0,27.19,13.0,27.2,402.0,27.25,3.0,27.28,50.0,14.0,20150731140415,-1.26,-4.45,28.0,25.8,27.07,21280.0,5700.0,2.13,907.61,7.77,26.99,45.79,34.97,31.16,25.5,0.037,0.396,0.158,0.408
0,000018,27.0,28.33,27.17,21380.0,9242.0,12138.0,27.01,3.0,27.0,80.0,26.99,21.0,26.98,9.0,26.93,2.0,27.08,81.0,27.09,11.0,27.19,13.0,27.2,402.0,27.25,3.0,14.0,20150731140430,-1.33,-4.69,28.0,25.8,27.07,21380.0,5728.0,2.14,905.27,7.77,26.92,45.67,34.87,31.16,25.5,0.037,0.395,0.157,0.411
0,000018,26.99,28.33,27.17,21469.0,9242.0,12228.0,26.99,16.0,26.98,9.0,26.93,2.0,26.9,5.0,26.88,42.0,27.0,19.0,27.01,22.0,27.07,2.0,27.08,81.0,27.09,11.0,14.0,20150731140457,-1.34,-4.73,28.0,25.8,27.07,21469.0,5752.0,2.15,904.93,7.77,26.91,45.65,34.86,31.16,25.5,0.037,0.393,0.156,0.414
0,000018,26.9,28.33,27.17,21501.0,9242.0,12260.0,26.88,42.0,26.7,1.0,26.67,2.0,26.66,17.0,26.65,23.0,26.9,3.0,26.98,1.0,26.99,66.0,27.0,24.0,27.01,20.0,14.0,20150731140512,-1.43,-5.05,28.0,25.8,26.99,21501.0,5760.0,2.16,901.91,7.77,26.82,45.5,34.75,31.16,25.5,0.037,0.392,0.156,0.415
0,000018,26.88,28.33,27.17,21543.0,9242.0,12302.0,26.7,2.0,26.67,2.0,26.66,17.0,26.65,23.0,26.62,18.0,26.88,113.0,26.9,3.0,26.98,11.0,26.99,64.0,27.0,24.0,14.0,20150731140536,-1.45,-5.12,28.0,25.8,26.99,21543.0,5771.0,2.16,901.24,7.77,26.8,45.47,34.72,31.16,25.5,0.037,0.392,0.156,0.416
0,000018,26.88,28.33,27.17,21543.0,9242.0,12302.0,26.7,2.0,26.67,2.0,26.66,17.0,26.65,23.0,26.62,18.0,26.84,2.0,26.88,113.0,26.9,3.0,26.98,11.0,26.99,64.0,14.0,20150731140555,-1.45,-5.12,28.0,25.8,26.99,21543.0,5771.0,2.16,901.24,7.77,26.8,45.47,34.72,31.16,25.5,0.037,0.392,0.156,0.416
0,000018,26.7,28.33,27.17,21545.0,9242.0,12304.0,26.67,2.0,26.66,17.0,26.65,23.0,26.62,18.0,26.61,7.0,26.88,114.0,26.9,5.0,26.98,10.0,26.99,64.0,27.0,22.0,14.0,20150731140613,-1.63,-5.75,28.0,25.8,26.88,21545.0,5772.0,2.16,895.21,7.77,26.63,45.16,34.49,31.16,25.5,0.037,0.391,0.156,0.416
0,000018,26.67,28.33,27.17,21551.0,9242.0,12310.0,26.66,17.0,26.65,23.0,26.62,18.0,26.61,7.0,26.6,66.0,26.67,9.0,26.86,42.0,26.88,114.0,26.9,3.0,26.98,10.0,14.0,20150731140637,-1.66,-5.86,28.0,25.8,26.88,21551.0,5774.0,2.16,894.2,7.77,26.6,45.11,34.45,31.16,25.5,0.037,0.391,0.156,0.416
0,000018,26.67,28.33,27.17,21572.0,9260.0,12312.0,26.67,31.0,26.66,15.0,26.65,23.0,26.62,18.0,26.61,12.0,26.86,42.0,26.88,116.0,26.9,3.0,26.98,10.0,26.99,64.0,14.0,20150731140658,-1.66,-5.86,28.0,25.8,26.88,21572.0,5779.0,2.16,894.2,7.77,26.6,45.11,34.45,31.16,25.5,0.037,0.392,0.155,0.416
0,000018,26.67,28.33,27.17,21572.0,9260.0,12312.0,26.67,36.0,26.66,15.0,26.65,23.0,26.61,12.0,26.6,66.0,26.86,43.0,26.88,116.0,26.9,3.0,26.99,64.0,27.0,17.0,14.0,20150731140719,-1.66,-5.86,28.0,25.8,26.67,21572.0,5779.0,2.16,894.2,7.77,26.6,45.11,34.45,31.16,25.5,0.037,0.392,0.155,0.416
0,000018,26.86,28.33,27.17,21574.0,9262.0,12312.0,26.67,37.0,26.66,15.0,26.65,23.0,26.61,12.0,26.6,67.0,26.86,41.0,26.88,116.0,26.9,3.0,26.99,64.0,27.0,17.0,14.0,20150731140734,-1.47,-5.19,28.0,25.8,26.67,21574.0,5780.0,2.16,900.57,7.77,26.78,45.43,34.69,31.16,25.5,0.037,0.392,0.155,0.416
0,000018,26.86,28.33,27.17,21574.0,9262.0,12312.0,26.7,1.0,26.68,12.0,26.67,37.0,26.66,15.0,26.65,23.0,26.86,41.0,26.88,116.0,26.9,3.0,26.99,64.0,27.0,17.0,14.0,20150731140752,-1.47,-5.19,28.0,25.8,26.67,21574.0,5780.0,2.16,900.57,7.77,26.78,45.43,34.69,31.16,25.5,0.037,0.393,0.155,0.415
0,000018,26.86,28.33,27.17,21597.0,9286.0,12312.0,26.7,1.0,26.68,12.0,26.67,39.0,26.66,15.0,26.65,33.0,26.86,49.0,26.88,116.0,26.9,3.0,26.99,64.0,27.0,16.0,14.0,20150731140819,-1.47,-5.19,28.0,25.8,26.86,21597.0,5786.0,2.17,900.57,7.77,26.78,45.43,34.69,31.16,25.5,0.037,0.393,0.155,0.415
0,000018,26.7,28.33,27.17,21608.0,9296.0,12312.0,26.68,12.0,26.67,39.0,26.66,15.0,26.65,23.0,26.61,7.0,26.7,72.0,26.86,39.0,26.88,116.0,26.9,3.0,27.0,16.0,14.0,20150731140834,-1.63,-5.75,28.0,25.8,26.86,21608.0,5789.0,2.17,895.21,7.77,26.63,45.16,34.49,31.16,25.5,0.037,0.393,0.155,0.415
0,000018,26.7,28.33,27.17,21618.0,9306.0,12312.0,26.68,20.0,26.67,39.0,26.66,15.0,26.65,23.0,26.61,7.0,26.7,62.0,26.86,39.0,26.88,116.0,26.9,3.0,27.0,16.0,14.0,20150731140852,-1.63,-5.75,28.0,25.8,26.86,21618.0,5792.0,2.17,895.21,7.77,26.63,45.16,34.49,31.16,25.5,0.037,0.393,0.155,0.415
0,000018,26.7,28.33,27.17,21640.0,9328.0,12312.0,26.68,15.0,26.67,39.0,26.66,15.0,26.65,23.0,26.61,7.0,26.7,41.0,26.86,39.0,26.88,115.0,26.9,3.0,27.0,16.0,14.0,20150731140913,-1.63,-5.75,28.0,25.8,26.7,21640.0,5797.0,2.17,895.21,7.77,26.63,45.16,34.49,31.16,25.5,0.037,0.394,0.155,0.414
0,000018,26.7,28.33,27.17,21654.0,9342.0,12312.0,26.69,5.0,26.68,16.0,26.67,39.0,26.66,15.0,26.65,23.0,26.7,27.0,26.86,39.0,26.88,115.0,26.9,3.0,27.0,16.0,14.0,20150731140934,-1.63,-5.75,28.0,25.8,26.7,21654.0,5801.0,2.17,895.21,7.77,26.63,45.16,34.49,31.16,25.5,0.037,0.394,0.155,0.414
0,000018,26.7,28.33,27.17,21679.0,9366.0,12312.0,26.68,16.0,26.67,39.0,26.66,15.0,26.65,23.0,26.61,7.0,26.7,2.0,26.86,39.0,26.88,115.0,26.9,3.0,27.0,16.0,14.0,20150731140952,-1.63,-5.75,28.0,25.8,26.7,21679.0,5808.0,2.17,895.21,7.77,26.63,45.16,34.49,31.16,25.5,0.037,0.395,0.155,0.414
0,000018,26.7,28.33,27.17,21681.0,9368.0,12312.0,26.7,20.0,26.69,3.0,26.68,11.0,26.67,32.0,26.66,15.0,26.86,38.0,26.88,115.0,27.0,16.0,27.05,31.0,27.08,81.0,14.0,20150731141016,-1.63,-5.75,28.0,25.8,26.7,21681.0,5808.0,2.17,895.21,7.77,26.63,45.16,34.49,31.16,25.5,0.037,0.395,0.155,0.414
0,000018,26.7,28.33,27.17,21681.0,9368.0,12312.0,26.71,5.0,26.7,20.0,26.69,3.0,26.68,11.0,26.67,32.0,26.86,38.0,26.88,115.0,27.0,22.0,27.05,31.0,27.08,86.0,14.0,20150731141034,-1.63,-5.75,28.0,25.8,26.7,21681.0,5808.0,2.17,895.21,7.77,26.63,45.16,34.49,31.16,25.5,0.037,0.395,0.155,0.414
0,000018,26.71,28.33,27.17,21686.0,9368.0,12318.0,26.7,22.0,26.68,11.0,26.67,32.0,26.66,15.0,26.65,23.0,26.86,38.0,26.88,115.0,27.0,22.0,27.05,31.0,27.08,86.0,14.0,20150731141101,-1.62,-5.72,28.0,25.8,26.7,21686.0,5810.0,2.17,895.54,7.77,26.64,45.18,34.5,31.16,25.5,0.037,0.395,0.155,0.414
0,000018,26.7,28.33,27.17,21691.0,9368.0,12322.0,26.7,23.0,26.68,11.0,26.67,32.0,26.66,15.0,26.65,23.0,26.85,3.0,26.86,38.0,26.88,115.0,27.0,22.0,27.05,31.0,14.0,20150731141119,-1.63,-5.75,28.0,25.8,26.71,21691.0,5811.0,2.18,895.21,7.77,26.63,45.16,34.49,31.16,25.5,0.037,0.395,0.155,0.414
0,000018,26.7,28.33,27.17,21704.0,9368.0,12336.0,26.7,11.0,26.68,11.0,26.67,32.0,26.66,15.0,26.65,23.0,26.85,3.0,26.86,38.0,26.88,115.0,27.0,25.0,27.05,31.0,14.0,20150731141143,-1.63,-5.75,28.0,25.8,26.71,21704.0,5814.0,2.18,895.21,7.77,26.63,45.16,34.49,31.16,25.5,0.037,0.395,0.154,0.414
0,000018,26.7,28.33,27.17,21704.0,9368.0,12336.0,26.7,17.0,26.68,11.0,26.67,32.0,26.66,15.0,26.65,23.0,26.85,3.0,26.86,38.0,26.88,115.0,27.0,25.0,27.05,31.0,14.0,20150731141201,-1.63,-5.75,28.0,25.8,26.71,21704.0,5814.0,2.18,895.21,7.77,26.63,45.16,34.49,31.16,25.5,0.037,0.395,0.154,0.414
0,000018,26.7,28.33,27.17,21704.0,9368.0,12336.0,26.7,17.0,26.68,3.0,26.67,32.0,26.66,15.0,26.65,23.0,26.85,4.0,26.86,37.0,26.88,115.0,27.0,27.0,27.05,31.0,14.0,20150731141222,-1.63,-5.75,28.0,25.8,26.7,21704.0,5814.0,2.18,895.21,7.77,26.63,45.16,34.49,31.16,25.5,0.037,0.395,0.154,0.414
0,000018,26.85,28.33,27.17,21705.0,9371.0,12334.0,26.7,19.0,26.68,3.0,26.67,32.0,26.66,10.0,26.65,23.0,26.85,3.0,26.86,37.0,26.88,115.0,27.0,27.0,27.05,31.0,14.0,20150731141240,-1.48,-5.22,28.0,25.8,26.7,21705.0,5815.0,2.18,900.24,7.77,26.77,45.41,34.68,31.16,25.5,0.037,0.395,0.154,0.414
0,000018,26.7,28.33,27.17,21729.0,9371.0,12358.0,26.68,3.0,26.67,32.0,26.66,10.0,26.65,23.0,26.61,12.0,26.69,6.0,26.7,10.0,26.8,8.0,26.85,3.0,26.86,37.0,14.0,20150731141258,-1.63,-5.75,28.0,25.8,26.7,21729.0,5821.0,2.18,895.21,7.77,26.63,45.16,34.49,31.16,25.5,0.037,0.394,0.154,0.415
0,000018,26.69,28.33,27.17,21735.0,9377.0,12358.0,26.68,1.0,26.67,32.0,26.66,10.0,26.65,23.0,26.61,12.0,26.7,10.0,26.8,8.0,26.85,14.0,26.86,37.0,26.88,115.0,14.0,20150731141319,-1.64,-5.79,28.0,25.8,26.7,21735.0,5823.0,2.18,894.87,7.77,26.62,45.14,34.47,31.16,25.5,0.037,0.394,0.154,0.415
0,000018,26.6,28.33,27.17,21835.0,9377.0,12458.0,26.68,6.0,26.6,44.0,26.55,1.0,26.54,1.0,26.52,11.0,26.7,10.0,26.8,8.0,26.85,14.0,26.86,37.0,26.88,113.0,14.0,20150731141343,-1.73,-6.11,28.0,25.8,26.7,21835.0,5849.0,2.19,891.85,7.77,26.53,44.99,34.36,31.16,25.5,0.036,0.393,0.153,0.417
0,000018,26.7,28.33,27.17,21852.0,9387.0,12465.0,26.7,21.0,26.68,6.0,26.6,46.0,26.55,1.0,26.54,1.0,26.8,15.0,26.85,14.0,26.86,37.0,26.88,113.0,27.0,27.0,14.0,20150731141404,-1.63,-5.75,28.0,25.8,26.7,21852.0,5854.0,2.19,895.21,7.77,26.63,45.16,34.49,31.16,25.5,0.036,0.393,0.153,0.417
0,000018,26.68,28.33,27.17,21879.0,9386.0,12494.0,26.6,44.0,26.55,1.0,26.54,1.0,26.52,11.0,26.5,57.0,26.68,3.0,26.8,8.0,26.85,14.0,26.86,37.0,26.88,113.0,14.0,20150731141425,-1.65,-5.82,28.0,25.8,26.7,21879.0,5861.0,2.19,894.54,7.77,26.61,45.13,34.46,31.16,25.5,0.036,0.392,0.153,0.418
0,000018,26.68,28.33,27.17,21882.0,9388.0,12494.0,26.68,7.0,26.6,54.0,26.55,1.0,26.54,1.0,26.52,11.0,26.8,8.0,26.85,14.0,26.86,37.0,26.88,113.0,27.0,27.0,14.0,20150731141446,-1.65,-5.82,28.0,25.8,26.7,21882.0,5862.0,2.19,894.54,7.77,26.61,45.13,34.46,31.16,25.5,0.036,0.392,0.153,0.418
0,000018,26.35,28.33,27.17,22183.0,9388.0,12794.0,26.35,60.0,26.31,70.0,26.21,2.0,26.2,35.0,26.19,20.0,26.68,7.0,26.8,18.0,26.85,14.0,26.86,37.0,26.88,113.0,14.0,20150731141507,-1.98,-6.99,28.0,25.8,26.35,22183.0,5942.0,2.22,883.47,7.77,26.28,44.57,34.04,31.16,25.5,0.036,0.387,0.151,0.426
0,000018,26.0,28.33,27.17,22583.0,9388.0,13194.0,26.0,206.0,25.99,1.0,25.98,52.0,25.97,95.0,25.95,1.0,26.6,22.0,26.68,27.0,26.75,1.0,26.79,3.0,26.8,18.0,14.0,20150731141525,-2.33,-8.22,28.0,25.8,26.35,22583.0,6046.0,2.26,871.74,7.77,25.93,43.98,33.58,31.16,25.5,0.035,0.38,0.166,0.418
0,000018,26.0,28.33,27.17,22800.0,9390.0,13410.0,26.0,4.0,25.99,1.0,25.98,52.0,25.97,95.0,25.95,1.0,26.35,10.0,26.6,22.0,26.68,20.0,26.75,1.0,26.79,3.0,14.0,20150731141555,-2.33,-8.22,28.0,25.8,26.35,22800.0,6103.0,2.29,871.74,7.77,25.93,43.98,33.58,31.16,25.5,0.035,0.376,0.165,0.424
0,000018,26.0,28.33,27.17,23076.0,9402.0,13674.0,25.84,6.0,25.81,5.0,25.8,301.0,25.75,1.0,25.7,18.0,26.0,7.0,26.6,22.0,26.68,20.0,26.75,1.0,26.79,3.0,14.0,20150731141616,-2.33,-8.22,28.0,25.8,25.98,23076.0,6174.0,2.31,871.74,7.77,25.93,43.98,33.58,31.16,25.5,0.035,0.372,0.163,0.43
0,000018,26.68,28.33,27.17,23685.0,9456.0,14230.0,25.81,1.0,25.51,1.0,25.5,311.0,0.0,0.0,0.0,0.0,26.68,18.0,26.75,1.0,26.79,3.0,26.8,18.0,26.85,14.0,14.0,20150731141640,-1.65,-5.82,28.0,25.51,25.98,23685.0,6332.0,2.38,894.54,8.79,26.61,45.13,34.46,31.16,25.5,0.034,0.365,0.18,0.421
0,000018,26.6,28.33,27.17,23713.0,9482.0,14232.0,26.6,87.0,25.82,326.0,25.81,3.0,25.8,1.0,25.51,116.0,26.68,18.0,26.75,1.0,26.8,18.0,26.85,14.0,26.86,7.0,14.0,20150731141701,-1.73,-6.11,28.0,25.51,25.98,23713.0,6339.0,2.38,891.85,8.79,26.53,44.99,34.36,31.16,25.5,0.034,0.366,0.18,0.421
0,000018,26.6,28.33,27.17,23800.0,9482.0,14318.0,26.05,11.0,25.82,326.0,25.81,3.0,25.8,1.0,25.6,1.0,26.6,7.0,26.66,3.0,26.68,28.0,26.7,10.0,26.75,1.0,14.0,20150731141728,-1.73,-6.11,28.0,25.51,26.6,23800.0,6362.0,2.39,891.85,8.79,26.53,44.99,34.36,31.16,25.5,0.033,0.364,0.179,0.423
0,000018,26.58,28.33,27.17,23811.0,9486.0,14326.0,26.35,16.0,26.2,10.0,26.05,11.0,25.85,5.0,25.83,5.0,26.5,68.0,26.6,171.0,26.66,53.0,26.68,28.0,26.7,10.0,14.0,20150731141749,-1.75,-6.18,28.0,25.51,26.6,23811.0,6365.0,2.39,891.18,8.79,26.51,44.96,34.33,31.16,25.5,0.033,0.364,0.179,0.423
0,000018,26.35,28.33,27.17,23817.0,9486.0,14332.0,26.35,10.0,26.2,10.0,26.05,10.0,26.0,3.0,25.85,15.0,26.5,68.0,26.58,5.0,26.6,243.0,26.66,53.0,26.68,28.0,14.0,20150731141810,-1.98,-6.99,28.0,25.51,26.35,23817.0,6367.0,2.39,883.47,8.79,26.28,44.57,34.04,31.16,25.5,0.033,0.364,0.179,0.423
0,000018,26.35,28.33,27.17,23827.0,9486.0,14342.0,26.2,10.0,26.05,10.0,26.0,3.0,25.85,15.0,25.83,5.0,26.33,8.0,26.35,6.0,26.49,7.0,26.5,68.0,26.58,5.0,14.0,20150731141831,-1.98,-6.99,28.0,25.51,26.35,23827.0,6369.0,2.39,883.47,8.79,26.28,44.57,34.04,31.16,25.5,0.033,0.364,0.179,0.423
0,000018,26.33,28.33,27.17,23832.0,9490.0,14342.0,26.2,10.0,26.05,10.0,26.0,3.0,25.85,15.0,25.83,5.0,26.33,3.0,26.34,1.0,26.35,4.0,26.49,2.0,26.5,68.0,14.0,20150731141852,-2.0,-7.06,28.0,25.51,26.35,23832.0,6371.0,2.39,882.8,8.79,26.26,44.54,34.01,31.16,25.5,0.033,0.364,0.179,0.423
0,000018,26.2,28.33,27.17,23853.0,9490.0,14362.0,26.2,9.0,26.05,10.0,26.0,169.0,25.85,5.0,25.83,5.0,26.21,1.0,26.33,2.0,26.35,6.0,26.49,2.0,26.5,68.0,14.0,20150731141922,-2.13,-7.52,28.0,25.51,26.33,23853.0,6376.0,2.39,878.44,8.79,26.13,44.32,33.84,31.16,25.5,0.033,0.364,0.179,0.424
0,000018,26.21,28.33,27.17,23900.0,9516.0,14384.0,26.21,1.0,26.2,9.0,26.05,10.0,26.01,2.0,26.0,3.0,26.5,64.0,26.58,1.0,26.6,133.0,26.66,53.0,26.68,28.0,14.0,20150731141946,-2.12,-7.48,28.0,25.51,26.33,23900.0,6388.0,2.4,878.78,8.79,26.14,44.33,33.85,31.16,25.5,0.033,0.364,0.178,0.424
0,000018,26.21,28.33,27.17,23900.0,9516.0,14384.0,26.25,3.0,26.22,13.0,26.21,6.0,26.2,14.0,26.05,10.0,26.49,3.0,26.5,64.0,26.6,133.0,26.66,3.0,26.68,28.0,14.0,20150731142007,-2.12,-7.48,28.0,25.51,26.21,23900.0,6388.0,2.4,878.78,8.79,26.14,44.33,33.85,31.16,25.5,0.033,0.364,0.178,0.424
0,000018,26.5,28.33,27.17,24003.0,9598.0,14406.0,26.5,99.0,26.49,8.0,26.25,5.0,26.22,13.0,26.21,16.0,26.6,132.0,26.66,3.0,26.68,18.0,26.7,10.0,26.8,11.0,14.0,20150731142028,-1.83,-6.46,28.0,25.51,26.21,24003.0,6416.0,2.41,888.5,8.79,26.43,44.82,34.23,31.16,25.5,0.033,0.366,0.178,0.423
0,000018,26.5,28.33,27.17,24008.0,9598.0,14410.0,26.5,95.0,26.49,8.0,26.25,15.0,26.23,16.0,26.22,14.0,26.6,131.0,26.66,3.0,26.68,18.0,26.7,10.0,26.8,11.0,14.0,20150731142052,-1.83,-6.46,28.0,25.51,26.21,24008.0,6417.0,2.41,888.5,8.79,26.43,44.82,34.23,31.16,25.5,0.033,0.366,0.178,0.423
0,000018,26.5,28.33,27.17,24077.0,9610.0,14468.0,26.5,47.0,26.49,8.0,26.25,10.0,26.23,16.0,26.22,13.0,26.6,111.0,26.66,3.0,26.68,18.0,26.8,13.0,26.85,2.0,14.0,20150731142219,-1.83,-6.46,28.0,25.51,26.5,24077.0,6435.0,2.41,888.5,8.79,26.43,44.82,34.23,31.16,25.5,0.033,0.365,0.177,0.424
0,000018,26.5,28.33,27.17,24125.0,9616.0,14510.0,26.5,5.0,26.49,8.0,26.25,16.0,26.23,16.0,26.22,13.0,26.52,14.0,26.6,111.0,26.66,3.0,26.68,18.0,26.8,13.0,14.0,20150731142240,-1.83,-6.46,28.0,25.51,26.5,24125.0,6448.0,2.42,888.5,8.79,26.43,44.82,34.23,31.16,25.5,0.033,0.365,0.177,0.425
0,000018,26.5,28.33,27.17,24130.0,9616.0,14514.0,26.5,1.0,26.49,8.0,26.25,16.0,26.23,16.0,26.22,13.0,26.52,19.0,26.6,111.0,26.66,3.0,26.68,18.0,26.8,13.0,14.0,20150731142307,-1.83,-6.46,28.0,25.51,26.5,24130.0,6449.0,2.42,888.5,8.79,26.43,44.82,34.23,31.16,25.5,0.033,0.365,0.177,0.425
0,000018,26.49,28.33,27.17,24145.0,9614.0,14531.0,26.25,16.0,26.23,16.0,26.22,13.0,26.21,6.0,26.2,14.0,26.52,14.0,26.6,111.0,26.66,3.0,26.68,18.0,26.8,15.0,14.0,20150731142328,-1.84,-6.49,28.0,25.51,26.5,24145.0,6453.0,2.42,888.17,8.79,26.42,44.81,34.22,31.16,25.5,0.033,0.365,0.177,0.426
0,000018,26.5,28.33,27.17,24148.0,9617.0,14531.0,26.25,16.0,26.22,13.0,26.21,6.0,26.2,14.0,26.01,62.0,26.5,4.0,26.52,14.0,26.6,111.0,26.66,3.0,26.68,18.0,14.0,20150731142349,-1.83,-6.46,28.0,25.51,26.5,24148.0,6454.0,2.42,888.5,8.79,26.43,44.82,34.23,31.16,25.5,0.033,0.365,0.177,0.426
0,000018,26.5,28.33,27.17,24148.0,9617.0,14531.0,26.25,6.0,26.21,6.0,26.2,14.0,26.01,62.0,26.0,10.0,26.49,2.0,26.5,9.0,26.6,111.0,26.66,3.0,26.68,18.0,14.0,20150731142410,-1.83,-6.46,28.0,25.51,26.5,24148.0,6454.0,2.42,888.5,8.79,26.43,44.82,34.23,31.16,25.5,0.033,0.365,0.177,0.426
0,000018,26.5,28.33,27.17,24148.0,9618.0,14530.0,26.21,6.0,26.2,14.0,26.05,10.0,26.01,62.0,26.0,14.0,26.49,2.0,26.5,13.0,26.6,55.0,26.66,3.0,26.68,18.0,14.0,20150731142431,-1.83,-6.46,28.0,25.51,26.5,24148.0,6454.0,2.42,888.5,8.79,26.43,44.82,34.23,31.16,25.5,0.033,0.365,0.177,0.426
0,000018,26.23,28.33,27.17,24154.0,9624.0,14530.0,26.21,6.0,26.2,14.0,26.05,10.0,26.01,62.0,26.0,16.0,26.23,8.0,26.49,3.0,26.5,13.0,26.6,55.0,26.66,3.0,14.0,20150731142455,-2.1,-7.41,28.0,25.51,26.5,24154.0,6456.0,2.42,879.45,8.79,26.16,44.37,33.88,31.16,25.5,0.033,0.365,0.177,0.425
0,000018,26.21,28.33,27.17,24170.0,9631.0,14539.0,26.2,14.0,26.05,140.0,26.01,62.0,26.0,16.0,25.85,17.0,26.21,58.0,26.49,3.0,26.5,12.0,26.6,65.0,26.66,3.0,14.0,20150731142513,-2.12,-7.48,28.0,25.51,26.23,24170.0,6460.0,2.42,878.78,8.79,26.14,44.33,33.85,31.16,25.5,0.033,0.365,0.177,0.426
0,000018,26.2,28.33,27.17,24233.0,9682.0,14552.0,26.05,100.0,26.01,62.0,26.0,19.0,25.85,17.0,25.83,5.0,26.2,14.0,26.21,58.0,26.49,4.0,26.5,17.0,26.59,112.0,14.0,20150731142538,-2.13,-7.52,28.0,25.51,26.23,24233.0,6476.0,2.43,878.44,8.79,26.13,44.32,33.84,31.16,25.5,0.033,0.366,0.176,0.425
0,000018,26.2,28.33,27.17,24278.0,9688.0,14590.0,26.05,71.0,26.01,62.0,26.0,19.0,25.85,17.0,25.83,5.0,26.2,8.0,26.21,58.0,26.49,4.0,26.5,17.0,26.59,112.0,14.0,20150731142602,-2.13,-7.52,28.0,25.51,26.05,24278.0,6488.0,2.43,878.44,8.79,26.13,44.32,33.84,31.16,25.5,0.033,0.366,0.176,0.426
0,000018,26.05,28.33,27.17,24284.0,9686.0,14598.0,26.06,23.0,26.05,65.0,26.01,73.0,26.0,15.0,25.85,17.0,26.2,16.0,26.21,58.0,26.49,4.0,26.5,19.0,26.59,112.0,14.0,20150731142623,-2.28,-8.05,28.0,25.51,26.05,24284.0,6490.0,2.44,873.41,8.79,25.98,44.06,33.65,31.16,25.5,0.033,0.366,0.176,0.426
0,000018,26.2,28.33,27.17,24298.0,9700.0,14598.0,26.07,29.0,26.06,24.0,26.05,66.0,26.01,73.0,26.0,21.0,26.19,3.0,26.2,2.0,26.21,58.0,26.49,4.0,26.5,65.0,14.0,20150731142647,-2.13,-7.52,28.0,25.51,26.05,24298.0,6493.0,2.44,878.44,8.79,26.13,44.32,33.84,31.16,25.5,0.033,0.366,0.176,0.426
0,000018,26.07,28.33,27.17,24327.0,9700.0,14627.0,26.06,24.0,26.05,66.0,26.01,73.0,26.0,22.0,25.85,17.0,26.07,26.0,26.19,3.0,26.2,2.0,26.21,2.0,26.3,50.0,14.0,20150731142708,-2.26,-7.98,28.0,25.51,26.07,24327.0,6501.0,2.44,874.08,8.79,26.0,44.1,33.67,31.16,25.5,0.033,0.365,0.175,0.426
0,000018,26.07,28.33,27.17,24407.0,9734.0,14673.0,26.07,2.0,26.05,46.0,26.01,73.0,26.0,27.0,25.85,17.0,26.16,2.0,26.19,3.0,26.2,3.0,26.21,2.0,26.3,50.0,14.0,20150731142729,-2.26,-7.98,28.0,25.51,26.07,24407.0,6522.0,2.45,874.08,8.79,26.0,44.1,33.67,31.16,25.5,0.033,0.366,0.175,0.427
0,000018,26.05,28.33,27.17,24454.0,9740.0,14714.0,26.05,14.0,26.01,73.0,26.0,27.0,25.85,17.0,25.84,1.0,26.07,44.0,26.15,1.0,26.16,2.0,26.19,3.0,26.2,3.0,14.0,20150731142753,-2.28,-8.05,28.0,25.51,26.07,24454.0,6534.0,2.45,873.41,8.79,25.98,44.06,33.65,31.16,25.5,0.033,0.365,0.175,0.428
0,000018,26.05,28.33,27.17,24468.0,9740.0,14728.0,26.01,73.0,26.0,21.0,25.85,17.0,25.84,1.0,25.8,9.0,26.05,87.0,26.07,44.0,26.16,2.0,26.19,3.0,26.2,3.0,14.0,20150731142820,-2.28,-8.05,28.0,25.51,26.05,24468.0,6538.0,2.45,873.41,8.79,25.98,44.06,33.65,31.16,25.5,0.033,0.365,0.174,0.428
0,000018,26.02,28.33,27.17,24488.0,9740.0,14748.0,26.02,94.0,26.01,55.0,26.0,21.0,25.85,17.0,25.84,1.0,26.05,95.0,26.16,2.0,26.2,3.0,26.21,2.0,26.3,50.0,14.0,20150731142844,-2.31,-8.15,28.0,25.51,26.05,24488.0,6543.0,2.46,872.41,8.79,25.95,44.01,33.61,31.16,25.5,0.033,0.365,0.174,0.428
0,000018,26.05,28.33,27.17,24517.0,9770.0,14748.0,26.02,83.0,26.01,55.0,26.0,16.0,25.85,17.0,25.84,1.0,26.05,121.0,26.16,2.0,26.2,3.0,26.21,2.0,26.3,50.0,14.0,20150731142905,-2.28,-8.05,28.0,25.51,26.05,24517.0,6550.0,2.46,873.41,8.79,25.98,44.06,33.65,31.16,25.5,0.033,0.365,0.174,0.428
0,000018,26.02,28.33,27.17,24599.0,9792.0,14808.0,26.02,33.0,26.01,55.0,26.0,21.0,25.85,17.0,25.84,1.0,26.05,90.0,26.16,2.0,26.2,3.0,26.21,2.0,26.3,50.0,14.0,20150731142929,-2.31,-8.15,28.0,25.51,26.05,24599.0,6572.0,2.47,872.41,8.79,25.95,44.01,33.61,31.16,25.5,0.032,0.365,0.174,0.429
0,000018,26.03,28.33,27.17,24648.0,9792.0,14856.0,26.03,28.0,26.02,31.0,26.01,55.0,26.0,21.0,25.85,17.0,26.05,46.0,26.16,2.0,26.2,3.0,26.21,2.0,26.3,50.0,14.0,20150731142956,-2.3,-8.12,28.0,25.51,26.05,24648.0,6584.0,2.47,872.74,8.79,25.96,44.03,33.62,31.16,25.5,0.032,0.364,0.173,0.43
0,000018,26.03,28.33,27.17,24675.0,9816.0,14860.0,26.03,25.0,26.02,31.0,26.01,44.0,26.0,21.0,25.85,5.0,26.05,23.0,26.16,2.0,26.2,3.0,26.21,2.0,26.3,50.0,14.0,20150731143011,-2.3,-8.12,28.0,25.51,26.05,24675.0,6592.0,2.47,872.74,8.79,25.96,44.03,33.62,31.16,25.5,0.032,0.365,0.173,0.43
0,000018,25.85,28.33,27.17,24859.0,9872.0,14986.0,25.84,4.0,25.8,8.0,25.75,1.0,25.69,3.0,25.6,8.0,25.85,98.0,25.9,5.0,26.05,36.0,26.16,2.0,26.2,3.0,14.0,20150731143044,-2.48,-8.75,28.0,25.51,26.05,24859.0,6639.0,2.49,866.71,8.79,25.78,43.72,33.39,31.16,25.5,0.032,0.365,0.172,0.432
0,000018,25.85,28.33,27.17,24883.0,9897.0,14986.0,25.84,3.0,25.8,8.0,25.75,1.0,25.69,3.0,25.64,12.0,25.85,75.0,25.9,5.0,26.05,45.0,26.16,2.0,26.2,3.0,14.0,20150731143105,-2.48,-8.75,28.0,25.51,25.85,24883.0,6646.0,2.5,866.71,8.79,25.78,43.72,33.39,31.16,25.5,0.032,0.365,0.172,0.431
0,000018,25.84,28.33,27.17,24937.0,9924.0,15014.0,25.85,135.0,25.8,8.0,25.78,106.0,25.75,1.0,25.69,3.0,25.9,5.0,26.05,45.0,26.16,2.0,26.2,3.0,26.21,2.0,14.0,20150731143126,-2.49,-8.79,28.0,25.51,25.85,24937.0,6659.0,2.5,866.37,8.79,25.77,43.71,33.38,31.16,25.5,0.032,0.365,0.171,0.431
0,000018,26.05,28.33,27.17,24951.0,9932.0,15020.0,26.0,28.0,25.9,16.0,25.85,185.0,25.8,10.0,25.75,1.0,26.05,42.0,26.16,2.0,26.2,3.0,26.21,2.0,26.3,50.0,14.0,20150731143153,-2.28,-8.05,28.0,25.51,25.85,24951.0,6663.0,2.5,873.41,8.79,25.98,44.06,33.65,31.16,25.5,0.032,0.366,0.171,0.431
0,000018,26.16,28.33,27.17,24969.0,9951.0,15018.0,26.16,7.0,26.05,5.0,26.0,28.0,25.9,16.0,25.86,2.0,26.2,3.0,26.21,2.0,26.3,50.0,26.35,10.0,26.49,2.0,14.0,20150731143214,-2.17,-7.66,28.0,25.51,26.05,24969.0,6668.0,2.5,877.1,8.79,26.09,44.25,33.79,31.16,25.5,0.032,0.366,0.171,0.431
0,000018,26.2,28.33,27.17,24972.0,9954.0,15018.0,26.2,2.0,26.18,4.0,26.16,10.0,26.0,28.0,25.9,11.0,26.21,2.0,26.3,50.0,26.49,2.0,26.5,60.0,26.59,112.0,14.0,20150731143241,-2.13,-7.52,28.0,25.51,26.05,24972.0,6669.0,2.5,878.44,8.79,26.13,44.32,33.84,31.16,25.5,0.032,0.366,0.171,0.431
0,000018,26.21,28.33,27.17,24978.0,9956.0,15022.0,26.21,9.0,26.2,8.0,26.16,10.0,26.05,5.0,26.0,28.0,26.3,50.0,26.49,12.0,26.5,60.0,26.59,112.0,26.6,60.0,14.0,20150731143305,-2.12,-7.48,28.0,25.51,26.21,24978.0,6670.0,2.5,878.78,8.79,26.14,44.33,33.85,31.16,25.5,0.032,0.366,0.171,0.431
0,000018,26.2,28.33,27.17,25019.0,9971.0,15048.0,26.16,10.0,26.05,17.0,26.0,28.0,25.9,11.0,25.86,8.0,26.2,161.0,26.21,2.0,26.3,50.0,26.49,12.0,26.5,61.0,14.0,20150731143329,-2.13,-7.52,28.0,25.51,26.21,25019.0,6681.0,2.51,878.44,8.79,26.13,44.32,33.84,31.16,25.5,0.032,0.366,0.171,0.431
0,000018,26.16,28.33,27.17,25031.0,9973.0,15058.0,26.05,17.0,26.0,28.0,25.9,11.0,25.86,8.0,25.85,70.0,26.2,159.0,26.3,50.0,26.49,2.0,26.5,61.0,26.59,112.0,14.0,20150731143350,-2.17,-7.66,28.0,25.51,26.21,25031.0,6684.0,2.51,877.1,8.79,26.09,44.25,33.79,31.16,25.5,0.032,0.366,0.171,0.432
0,000018,26.05,28.33,27.17,25049.0,9973.0,15076.0,26.05,9.0,26.01,10.0,26.0,28.0,25.9,11.0,25.86,8.0,26.15,11.0,26.16,8.0,26.19,3.0,26.2,159.0,26.3,50.0,14.0,20150731143417,-2.28,-8.05,28.0,25.51,26.16,25049.0,6689.0,2.51,873.41,8.79,25.98,44.06,33.65,31.16,25.5,0.032,0.366,0.17,0.432
0,000018,26.06,28.33,27.17,25050.0,9972.0,15078.0,26.05,9.0,26.01,10.0,26.0,35.0,25.95,4.0,25.9,11.0,26.06,4.0,26.09,3.0,26.1,100.0,26.15,11.0,26.16,13.0,14.0,20150731143438,-2.27,-8.01,28.0,25.51,26.16,25050.0,6689.0,2.51,873.75,8.79,25.99,44.08,33.66,31.16,25.5,0.032,0.366,0.17,0.432
0,000018,26.05,28.33,27.17,25063.0,9974.0,15090.0,26.01,10.0,26.0,35.0,25.95,4.0,25.9,1.0,25.86,10.0,26.04,13.0,26.06,14.0,26.08,8.0,26.09,3.0,26.1,1.0,14.0,20150731143505,-2.28,-8.05,28.0,25.51,26.06,25063.0,6692.0,2.51,873.41,8.79,25.98,44.06,33.65,31.16,25.5,0.032,0.366,0.17,0.432
0,000018,26.0,28.33,27.17,25110.0,9976.0,15134.0,25.95,4.0,25.9,1.0,25.86,10.0,25.85,73.0,25.84,1.0,26.0,153.0,26.04,18.0,26.06,14.0,26.09,3.0,26.15,1.0,14.0,20150731143526,-2.33,-8.22,28.0,25.51,26.06,25110.0,6705.0,2.52,871.74,8.79,25.93,43.98,33.58,31.16,25.5,0.032,0.365,0.17,0.433
0,000018,26.0,28.33,27.17,25121.0,9987.0,15134.0,25.95,4.0,25.9,1.0,25.86,10.0,25.85,73.0,25.84,1.0,26.0,143.0,26.04,5.0,26.05,26.0,26.06,14.0,26.09,3.0,14.0,20150731143553,-2.33,-8.22,28.0,25.51,26.06,25121.0,6707.0,2.52,871.74,8.79,25.93,43.98,33.58,31.16,25.5,0.032,0.365,0.17,0.433
0,000018,25.95,28.33,27.17,25130.0,9990.0,15140.0,25.9,1.0,25.86,4.0,25.85,68.0,25.84,1.0,25.8,12.0,25.94,8.0,26.0,146.0,26.04,5.0,26.05,26.0,26.06,14.0,14.0,20150731143617,-2.38,-8.4,28.0,25.51,25.95,25130.0,6710.0,2.52,870.06,8.79,25.88,43.89,33.52,31.16,25.5,0.032,0.365,0.17,0.433
0,000018,25.9,28.33,27.17,25136.0,9993.0,15143.0,25.86,4.0,25.85,68.0,25.84,1.0,25.8,95.0,25.76,3.0,25.9,33.0,25.94,7.0,26.0,146.0,26.04,5.0,26.05,26.0,14.0,20150731143644,-2.43,-8.58,28.0,25.51,25.95,25136.0,6711.0,2.52,868.38,8.79,25.83,43.81,33.45,31.16,25.5,0.032,0.365,0.17,0.433
0,000018,26.11,28.33,27.17,29193.0,11464.0,17729.0,26.1,60.0,26.09,6.0,26.0,97.0,25.98,20.0,25.96,2.0,26.11,10.0,26.12,303.0,26.14,25.0,26.15,13.0,26.19,2.0,15.0,20150731150137,-2.22,-7.84,28.0,25.5,26.1,29193.0,7754.0,2.93,875.43,8.82,26.04,44.16,33.73,31.16,25.5,0.027,0.364,0.167,0.442
0,000018,26.11,28.33,27.17,29193.0,11466.0,17728.0,26.1,60.0,26.09,6.0,26.0,97.0,25.98,20.0,25.96,2.0,26.11,10.0,26.12,303.0,26.14,25.0,26.15,13.0,26.19,2.0,15.0,20150731150137,-2.22,-7.84,28.0,25.5,26.1,29193.0,7754.0,2.93,875.43,8.82,26.04,44.16,33.73,31.16,25.5,0.027,0.364,0.167,0.442
0,000018,26.11,28.33,27.17,29193.0,11464.0,17729.0,26.1,60.0,26.09,6.0,26.0,97.0,25.98,20.0,25.96,2.0,26.11,10.0,26.12,303.0,26.14,25.0,26.15,13.0,26.19,2.0,15.0,20150731150137,-2.22,-7.84,28.0,25.5,26.1,29193.0,7754.0,2.93,875.43,8.82,26.04,44.16,33.73,31.16,25.5,0.027,0.364,0.167,0.442
